category,names,tot_points,n_races,final_rank
NOCAT,MICHAEL TAYLOR,100.0,1,1
NOCAT,RIVER LARIOS,100.0,1,1
NOCAT,TREVOR MORGAN,100.0,1,1
NOCAT,CORBIN HAWKINS,90.0,1,2
NOCAT,MARC CORDIER,90.0,1,2
NOCAT,FINN ALLEN,85.0,1,3
NOCAT,JONATHAN KORMOS,80.0,1,4
NOCAT,KAYLA DUNCAN,75.0,1,5
NOCAT,CAMERON MCMULLEN,70.0,1,6
NOCAT,DAVID PARKINSON,65.0,1,7
NOCAT,NOAH JURAVSKY,60.0,1,8
f0-15,HANNA KINSELLA,100.0,1,1
f0-15,ROSE BILTON,90.0,1,2
f0-15,PALOMA AMOS,85.0,1,3
f0-15,GEORGIA TURVOLGYI,80.0,1,4
f0-15,KAITLYN SAVAGE,75.0,1,5
f0-15,EMILY RIMMER,70.0,1,6
f0-15,ELIZABETH WRIGHT,65.0,1,7
f0-19,JULIANA LORTIE,280.0,3,1
f0-19,NIAMH CARLI,260.0,3,2
f0-19,CHLOE POPP,190.0,2,3
f0-19,ARIA LOEWEN,165.0,2,4
f0-19,MARIANA YALLONARDO,155.0,2,5
f0-19,CAITLIN MCCUE,150.0,2,6
f0-19,CHANTAL ABBOTT,100.0,1,7
f0-19,EMERSON DARLING,100.0,1,7
f0-19,JACQUELINE CHAMBERS,100.0,1,7
f0-19,KYANA ELLIS,100.0,1,7
f0-19,ANAR MOOSA,90.0,1,8
f0-19,ELIANA GIDDENS,90.0,1,8
f0-19,LINDSAY SHORT,85.0,1,9
f0-19,EMMILY OTT,80.0,1,10
f0-19,ISABELLE BURTON,80.0,1,10
f0-19,JULIETTE FREURE,80.0,1,10
f0-19,LAUREN GOODYEAR,80.0,1,10
f0-19,SAVANNAH` SCHULER,80.0,1,10
f0-19,JESSICA WILLIAMS,75.0,1,11
f0-19,LEAH PAYNE,75.0,1,11
f0-19,MARIA SCHIEDEL,75.0,1,11
f0-19,MEGAN PINEAU,75.0,1,11
f0-19,KAIA PLUIM-SIMON,70.0,1,12
f0-19,MAISY THOMAS,70.0,1,12
f0-19,ZOE FERRELLI,70.0,1,12
f0-19,CELESTE FERENCEVIC,65.0,1,13
f0-19,JOSEPHINE CORMIER,65.0,1,13
f0-19,MORGAN ISMAIL,65.0,1,13
f0-19,ALYSSA SINGARAJA,60.0,1,14
f0-19,ANNA JARVI,60.0,1,14
f0-19,MELISSA FUH,60.0,1,14
f0-19,DEREK KELLY,55.0,1,15
f0-19,ZOE LYNCH,55.0,1,15
f0-19,ABBY BRUMWELL,50.0,1,16
f0-19,GABRIELLA STEWART,50.0,1,16
f0-19,MICHELLE KELLY,0.0,1,17
f0-19,ALEXANDRA REEVES,0.0,1,18
f0-19,CHARLOTTE AUCHINLECK-HUGHES,0.0,1,19
f0-19,MADY YOUNG,0.0,1,20
f20-24,HEIDI AKOT,180.0,2,1
f20-24,KAITLYN SHIKAZE,180.0,2,2
f20-24,KAY-LEE GUILLEMETTE,150.0,3,3
f20-24,MARY REA,150.0,2,3
f20-24,MEAGHAN PHILLIPS,150.0,2,3
f20-24,AMBER PERREAULT,135.0,2,4
f20-24,AVA LATHAM,130.0,2,5
f20-24,EMILY DOUGLAS,130.0,2,6
f20-24,ANDREA KIELB,100.0,1,7
f20-24,CASSIDY SMYTH-ROBINSON,100.0,1,7
f20-24,HAYLEY HOOD,100.0,1,7
f20-24,LAUREN MILLER,100.0,1,7
f20-24,LAUREN STADTEGGER,100.0,1,7
f20-24,PAIGE SWEENEY,100.0,1,7
f20-24,ALEX QUEMBY,90.0,1,8
f20-24,ELLA MILLER,90.0,1,8
f20-24,NATALIE SU,90.0,1,8
f20-24,OLIVIA HUSZTI,90.0,1,8
f20-24,ROBYN PERRY,90.0,1,8
f20-24,SYDNEY LAVALLEE,90.0,1,8
f20-24,ELLE CUMMING,85.0,1,9
f20-24,FRANNIE FAVOT,85.0,1,9
f20-24,KATIE TONE,85.0,1,9
f20-24,LAUREN MATAI,85.0,1,9
f20-24,LUANA PORTILHO,85.0,1,9
f20-24,OLIVIA KIELB,85.0,1,9
f20-24,LILY CHUBATY,80.0,1,10
f20-24,MARINA SAFARI,80.0,1,10
f20-24,MAYA BARNABI,80.0,1,10
f20-24,REBECCA GROOTENDORST,80.0,1,10
f20-24,SAMANTHA PADOIN LEE,80.0,1,10
f20-24,TAYLOR MACLENNAN,80.0,1,10
f20-24,BRONWYN PAJO,75.0,1,11
f20-24,CARLY BAIRD,75.0,1,11
f20-24,CLEO LAZAR,75.0,1,11
f20-24,OLIVIA STODDART,75.0,1,11
f20-24,SARAH BERBERICH,75.0,1,11
f20-24,SARAH GEDJA,75.0,2,11
f20-24,TAYLOR SLIPP,75.0,1,11
f20-24,ASIA VAN VLIET,70.0,2,12
f20-24,AVA STEFANOVICH,70.0,1,12
f20-24,MARLIES ILOTT,70.0,1,12
f20-24,NICOLE SMITH,70.0,1,12
f20-24,ALICIA LOPERS,65.0,1,13
f20-24,MORGAN HENDRIKSEN,65.0,1,13
f20-24,SARAH STAPLEY,65.0,1,13
f20-24,ERIN EPPEL,60.0,1,14
f20-24,KATE LEBLANC,60.0,1,14
f20-24,MARLEY O'CONNELL,60.0,1,14
f20-24,SKYLA WALKER,60.0,1,14
f20-24,AMANDA FROESE,55.0,1,15
f20-24,HANNAH LORD,55.0,1,15
f20-24,MEADOW FUNKENHAUSER,55.0,1,15
f20-24,NELEH VIGNEAU SARGEANT,55.0,1,15
f20-24,SASCHA MOTZ,55.0,1,15
f20-24,SOPHIA MOOSA,55.0,1,15
f20-24,ANA DUVNJAK,50.0,1,16
f20-24,LOWEN DUSSELIER,50.0,1,16
f20-24,MADELYN RITCHIE,50.0,1,16
f20-24,PRIYA RAJ,50.0,1,16
f20-24,ALEXIE LINARDATOS,0.0,1,17
f20-24,ALISA PITRE,0.0,1,17
f20-24,CAROLINE HUANG,0.0,1,17
f20-24,CHARLENE ZHANG,0.0,1,17
f20-24,DELLA ALDERSON,0.0,1,17
f20-24,ELLA ETIENNE LABELLE,0.0,1,17
f20-24,ELYSE HINTON,0.0,1,17
f20-24,EMMA FOWLER,0.0,1,17
f20-24,EMMA VAN DYKEN,0.0,1,17
f20-24,FLORA NG,0.0,1,17
f20-24,GEORGIA MEBAN DE GROOT,0.0,1,17
f20-24,HANNAH HORLINGS,0.0,1,17
f20-24,JIAHUI SONG,0.0,1,17
f20-24,JILLIAN CRAWFORD-BOURKE,0.0,1,17
f20-24,JOLIE KELLY,0.0,1,17
f20-24,KATHERINE GORMLEY,0.0,1,17
f20-24,KATIE BALTMAN,0.0,1,17
f20-24,KATIE MURPHY,0.0,1,17
f20-24,KELTI MCCLURE,0.0,1,17
f20-24,KRISTEN BANKS,0.0,1,17
f20-24,LAUREN WALKER,0.0,1,17
f20-24,LIBERTY KONG,0.0,1,17
f20-24,LINDSAY GRICE,0.0,1,17
f20-24,LIONA NDAYISHIMIYE,0.0,1,17
f20-24,LOGAN TUCKER,0.0,1,17
f20-24,MADELYN BRATUZ,0.0,1,17
f20-24,MADELYNN LETT,0.0,1,17
f20-24,MAEVE O'HALLORAN,0.0,1,17
f20-24,MARA JENKINS,0.0,1,17
f20-24,MAYA SOBOL,0.0,1,17
f20-24,MIRANDA COX,0.0,1,17
f20-24,NATASHA FISHMAN,0.0,1,17
f20-24,NENA HARSCH,0.0,1,17
f20-24,NIAMH SULLIVAN,0.0,1,17
f20-24,NICOLE KELLY,0.0,1,17
f20-24,PAIGE GRANT,0.0,1,17
f20-24,RACHEL FUH,0.0,1,17
f20-24,REBECCA FUH,0.0,1,17
f20-24,ROSIE NUCCI,0.0,1,17
f20-24,RUBY STEINBERG,0.0,1,17
f20-24,SARAH BOTTRELL,0.0,1,17
f20-24,SARAH MADILL,0.0,1,17
f20-24,SARAH MONAGHAN CHOW,0.0,1,17
f20-24,SARAH VAN DYKEN,0.0,1,17
f20-24,SEQUOIA KIM,0.0,1,17
f20-24,SHAELYN MCBRIDE,0.0,1,17
f20-24,SHAYLAH FROMAGER,0.0,1,17
f20-24,SHREYA JAIN,0.0,1,17
f20-24,SIMAYA ROSENBLOOM,0.0,1,17
f20-24,SOPHIE COSLOVI,0.0,1,17
f20-24,SOPHIE LOPERS,0.0,1,17
f20-24,SOPHIE WHITING,0.0,1,17
f20-24,TESS OVERVELDE,0.0,1,17
f20-24,VANESSA RICCIUTO,0.0,1,17
f20-24,VANESSA VINE,0.0,2,17
f20-24,VICTORIA CARLYLE,0.0,1,17
f25-29,ANNA DLUGOSZ,245.0,3,1
f25-29,MADELINE ARMSTRONG,210.0,3,2
f25-29,ANGELA MARINA,190.0,2,3
f25-29,RACHEL GLYNN,190.0,2,3
f25-29,KAYLA BUGEYA MILLER,175.0,2,4
f25-29,EMMA ZUCKER,170.0,2,5
f25-29,GILLIAN MCCREESH,115.0,2,6
f25-29,JESSICA MORRIS,100.0,1,7
f25-29,JOCELYN RIET,100.0,1,7
f25-29,JORDYN BANDSTRA,100.0,1,7
f25-29,KATIE MACASKILL,100.0,1,7
f25-29,MOLLY WHITE,100.0,1,7
f25-29,GRACE RESZETNIK,90.0,1,8
f25-29,KRISTINA WALKER,90.0,1,8
f25-29,SAMANTHA GILLEN,90.0,1,8
f25-29,CIARA GAFFNEY,85.0,1,9
f25-29,DANA GARLAND,85.0,1,9
f25-29,ELLA CLARKE,85.0,1,9
f25-29,EMILY COWIE,85.0,1,9
f25-29,GEORGIA ALEXANDER,85.0,1,9
f25-29,GRACE STEWART,85.0,1,9
f25-29,LISA ZHU,85.0,1,9
f25-29,EMILY NORTON,80.0,1,10
f25-29,MIA SAMS,80.0,1,10
f25-29,MOLLY BOUCHARD,80.0,1,10
f25-29,PAIGE ROUGHLEY,80.0,1,10
f25-29,SABRINA ANGCO,80.0,1,10
f25-29,SARAH DUNKLEY,80.0,1,10
f25-29,VANESSA WEREMI,80.0,1,10
f25-29,ALLISON VAN SCHEPEN,75.0,1,11
f25-29,AVA PROMOLI,75.0,1,11
f25-29,ELLA BASTIEN,75.0,1,11
f25-29,ERIN GRENNELL,75.0,1,11
f25-29,HANNAH GALWAY,75.0,2,11
f25-29,JESSICA GRAY,75.0,1,11
f25-29,MADDIE MARTIN,75.0,1,11
f25-29,BRIDGET DESCHENES,70.0,1,12
f25-29,CAMILLE ARCHER,70.0,1,12
f25-29,CHELSEA CHEUNG,70.0,1,12
f25-29,CHRISTINE BURCHER,70.0,1,12
f25-29,EMILY MCCURDY,70.0,1,12
f25-29,EMMA FAZEKAS,70.0,1,12
f25-29,SHALEA SHACKLETON,70.0,1,12
f25-29,BIANCA ALTILIA BRETON,65.0,1,13
f25-29,MEGAN GRENNELL,65.0,1,13
f25-29,OLIVIA PEARSON,65.0,1,13
f25-29,SARA FOLKINS,65.0,1,13
f25-29,SARAH TUCKER,65.0,1,13
f25-29,TORY GOWLAND-WOOD,65.0,1,13
f25-29,CHRISTINA HASSEY,60.0,1,14
f25-29,GABRIELLE PAUPST,60.0,1,14
f25-29,IRENE DEPACINA,60.0,1,14
f25-29,KENNEDY QUIGG,60.0,1,14
f25-29,MADELINE BEAUVAIS,60.0,1,14
f25-29,MELANIE DUGAS,60.0,1,14
f25-29,NICOLE PATTERSON,60.0,1,14
f25-29,WINNIE CHOW,60.0,1,14
f25-29,ANASTASIA PISKUNOVA,55.0,1,15
f25-29,INES LEWIS,55.0,1,15
f25-29,JESSICA PITRE,55.0,1,15
f25-29,LAURA GILES,55.0,1,15
f25-29,LIZ VANDERVEEKEN,55.0,1,15
f25-29,MACKENZIE PARKE,55.0,1,15
f25-29,RACHEL SCHWEGEL,55.0,1,15
f25-29,CLAIRE SMILES,50.0,1,16
f25-29,DEBBIE HART,50.0,1,16
f25-29,KATIE KISSICK,50.0,1,16
f25-29,MARY ANNE SCHOENHARDT,50.0,1,16
f25-29,NIDA NAUSEDAS,50.0,1,16
f25-29,RACHEL HENDRIKS,50.0,1,16
f25-29,TEEGHAN NIBLET-WILSON,50.0,1,16
f25-29,ALEXA USZKAY,0.0,1,17
f25-29,ALYSSA ELLIGSON,0.0,1,17
f25-29,AMY CHEN,0.0,1,17
f25-29,ANGELA NOORLANDER,0.0,1,17
f25-29,ANGELINE NIJMEH,0.0,1,17
f25-29,ANKA CHAN,0.0,1,17
f25-29,ASHLEY SEITZ,0.0,1,17
f25-29,AUTUMN DELORME,0.0,1,17
f25-29,BROOKE BIDYK,0.0,1,17
f25-29,CAITLIN SCHROPP,0.0,1,17
f25-29,CASEY GALLIVAN,0.0,1,17
f25-29,CASEY HILDITCH,0.0,1,17
f25-29,CASSANDRA LEE,0.0,1,17
f25-29,CELINE JEON,0.0,1,17
f25-29,CHRISTINE NGUYEN,0.0,1,17
f25-29,CHRISTINE WHITE,0.0,1,17
f25-29,CONNIE TOU,0.0,1,17
f25-29,CRISTINA MUNOZ,0.0,1,17
f25-29,CRISTINA VENEGAS,0.0,1,17
f25-29,DANIELLE MOREL,0.0,1,17
f25-29,DENISE KESKIKYLA,0.0,1,17
f25-29,DORSA NAHID,0.0,1,17
f25-29,ELLA MORGAN,0.0,1,17
f25-29,EMILIA DE FABRITIIS,0.0,1,17
f25-29,EMILY TEIXEIRA,0.0,1,17
f25-29,EMMA HOUCK,0.0,1,17
f25-29,ERICA ENRILE,0.0,1,17
f25-29,GABBY GARRO,0.0,1,17
f25-29,GABI DUHAIME,0.0,1,17
f25-29,GILLIAN YOUNG,0.0,1,17
f25-29,GUADALUPE OTERO,0.0,1,17
f25-29,HANNAH MILES,0.0,1,17
f25-29,HASNA KHAN,0.0,1,17
f25-29,HAYDI EL MENIAWY,0.0,1,17
f25-29,HELENA CARTER-HUFFMAN,0.0,1,17
f25-29,JACQUELINE FLEISIG,0.0,1,17
f25-29,JANELLE SOOKHAI,0.0,1,17
f25-29,JILLIAN CURRIE,0.0,1,17
f25-29,JOCELYN KERR,0.0,1,17
f25-29,JORDAN DANIELS,0.0,1,17
f25-29,JULIETTE LAVALLÉE,0.0,1,17
f25-29,KAITLIN LESCO,0.0,1,17
f25-29,KATE MACQUARRIE,0.0,1,17
f25-29,KELSEY ROI,0.0,1,17
f25-29,KIRA ROSENBLOOM,0.0,1,17
f25-29,MADDIE MERRIFIELD,0.0,1,17
f25-29,MADELEINE FRIESEN,0.0,1,17
f25-29,MADELEINE LUCIER-HALL,0.0,1,17
f25-29,MADELINE CAPONE,0.0,1,17
f25-29,MARENA PHILLIPS,0.0,1,17
f25-29,MARIA VAN DYKEN,0.0,1,17
f25-29,MARLENA FULKERSON,0.0,1,17
f25-29,MEAGHAN DUFFY,0.0,1,17
f25-29,MEGHAN FLOOD,0.0,1,17
f25-29,MEIXIN ZHANG,0.0,1,17
f25-29,NATALIA MIELCZAREK,0.0,1,17
f25-29,OLIVIA CROOME,0.0,1,17
f25-29,PAIGE PAGLIARO,0.0,1,17
f25-29,PREYAH SETH,0.0,1,17
f25-29,RACHEL POON,0.0,1,17
f25-29,RACHEL TADROSS,0.0,1,17
f25-29,RAQUEL TOVAR,0.0,1,17
f25-29,RYLEE MOXAM,0.0,1,17
f25-29,SABRINA BRELLISFORD,0.0,1,17
f25-29,SAMANTHA DEKART,0.0,1,17
f25-29,SARAH BAVARO,0.0,1,17
f25-29,SARAH MCLEAN,0.0,1,17
f25-29,SARAH WALSH,0.0,1,17
f25-29,SELENA MARCHENA,0.0,1,17
f25-29,SHAHED EL BABA,0.0,1,17
f25-29,SHANNON FENWICK,0.0,1,17
f25-29,SHARON YANG,0.0,1,17
f25-29,SHAY BLUTRICH,0.0,1,17
f25-29,SIERRA DOWLING,0.0,1,17
f25-29,SKYLER ASH,0.0,1,17
f25-29,TAYLOR MACDONALD,0.0,1,17
f25-29,VICTORIA MURGUEYTIO,0.0,1,17
f25-29,VIVIAN LI,0.0,1,17
f25-29,WENDY ZHOU,0.0,1,17
f25-29,YANYAN TRAN,0.0,1,17
f30-34,GRACE O'BRIEN,285.0,3,1
f30-34,LAUREN MANDERS,190.0,2,2
f30-34,KERRIE STAMBLER,150.0,2,3
f30-34,TERESA REITZ,145.0,2,4
f30-34,CHANTEL CONLON,100.0,1,5
f30-34,CLAIRE HAINES,100.0,1,5
f30-34,IRINA METELYUK,100.0,1,5
f30-34,LIANA RIETMULLER,100.0,1,5
f30-34,LOTTE CRUTZEN,100.0,1,5
f30-34,ALEXANDRA MACLELLAN,90.0,1,6
f30-34,ANNESSA BESELAERE,90.0,1,6
f30-34,CHRISTINA WATSON,90.0,1,6
f30-34,CHRISTINE CAMOZZI,90.0,1,6
f30-34,JESS HOLMES,90.0,1,6
f30-34,LENA COURCOL,90.0,1,6
f30-34,TIIA LAHE,90.0,1,6
f30-34,ERIN ALBAUM,85.0,1,7
f30-34,EVELYN GRAHAM,85.0,1,7
f30-34,LAUREN HEUVEL,85.0,1,7
f30-34,MARIA MARCHESE,85.0,1,7
f30-34,STEPHANIE FATA,85.0,1,7
f30-34,ALANA FAIRFAX,80.0,1,8
f30-34,AMELIA ABDERREZAK,80.0,1,8
f30-34,ANNIKA RINAS,80.0,1,8
f30-34,DIANA HASTINGS,80.0,3,8
f30-34,JAMILIE BROCHU,80.0,1,8
f30-34,LAURA FOX,80.0,1,8
f30-34,RENATA MARTONE,80.0,1,8
f30-34,SAMANTHA EDWARDS,80.0,1,8
f30-34,ALEXANDRA WOLTING,75.0,1,9
f30-34,ALEXIS PEARMAN,75.0,1,9
f30-34,ALIKA KINGSBURY-PAUL,75.0,2,9
f30-34,ALLIE DI RIENZO,75.0,1,9
f30-34,CLARE MITCHELL,75.0,1,9
f30-34,ELLEN BODE,75.0,1,9
f30-34,JENNIFER MCNAUGHTON,75.0,1,9
f30-34,SINA WOERTHLE,75.0,1,9
f30-34,CHRISTINE KARELSEN,70.0,1,10
f30-34,KIMBERLEY VANDER ZAAG,70.0,1,10
f30-34,MACKENZIE THURSTON,70.0,1,10
f30-34,MEAGHAN KAVANAGH,70.0,1,10
f30-34,MICHELLE DURANTE,70.0,1,10
f30-34,MORGAN SWAN,70.0,1,10
f30-34,NATALIE KONG,70.0,1,10
f30-34,VANESSA HUBER,70.0,1,10
f30-34,AMY ASKES,65.0,1,11
f30-34,AMY LLOYD,65.0,1,11
f30-34,DARIA RUGINIS,65.0,1,11
f30-34,JESSIE MERCER,65.0,1,11
f30-34,MONIQUE GUILLEMETTE,65.0,1,11
f30-34,RACHEL WALTON,65.0,1,11
f30-34,TESS MCGURN,65.0,1,11
f30-34,ALYSON BOWDEN,60.0,1,12
f30-34,AMANDA HUONG,60.0,1,12
f30-34,BRITTANY REBELO,60.0,1,12
f30-34,LOUISE REES,60.0,1,12
f30-34,MICHELE BROWN,60.0,1,12
f30-34,TORI SEMPLE,60.0,1,12
f30-34,VIKTORIIA ANDREIEVA,60.0,1,12
f30-34,BEATRICE BUNIESKI,55.0,1,13
f30-34,DEVYNN GOMES,55.0,1,13
f30-34,ELIZABETH SQUIRELL,55.0,1,13
f30-34,EMILY ROSE JOYAL,55.0,1,13
f30-34,LAURA LEHMAN,55.0,1,13
f30-34,LINDSEY VOGT,55.0,1,13
f30-34,MEGAN HOOPER,55.0,1,13
f30-34,SIERRA PARSONS,55.0,1,13
f30-34,CRISTINA PALETTA,50.0,1,14
f30-34,ERIN KOOT,50.0,1,14
f30-34,HANNAH LEBEL,50.0,1,14
f30-34,KRISTINE SULTMANIS,50.0,2,14
f30-34,LEEANNE WHITEHOUSE,50.0,1,14
f30-34,MADELINE VANDER ZAAG,50.0,1,14
f30-34,RACHEL FULFORD,50.0,1,14
f30-34,ALEX SNYDER,0.0,1,15
f30-34,ALEXANDRA KEARNS,0.0,1,15
f30-34,ALEXANDRA LAWLOR,0.0,1,15
f30-34,ALLI MCCONNELL,0.0,1,15
f30-34,ALLY RUTTAN,0.0,1,15
f30-34,ALYSSA M FIEDLER,0.0,1,15
f30-34,AMANDA VERE,0.0,1,15
f30-34,AMY MCCONAGHY,0.0,1,15
f30-34,ANDREA PAPE,0.0,1,15
f30-34,ANNIE CONSTANTINESCU,0.0,1,15
f30-34,AVERY HARTE,0.0,1,15
f30-34,BLAIRE SAUNDERS,0.0,1,15
f30-34,BREANA POIRIER,0.0,1,15
f30-34,CAROLYN WISNIEWSKI,0.0,1,15
f30-34,CHRISTINA COOK,0.0,1,15
f30-34,CHRISTINA HESS,0.0,1,15
f30-34,CHRISTINE THOBURN,0.0,1,15
f30-34,CRYSTAL DOUGLAS,0.0,1,15
f30-34,DANIELLE CAMPOS,0.0,1,15
f30-34,DANIELLE COLBY,0.0,1,15
f30-34,DERYA TURAN,0.0,1,15
f30-34,ELLIE DOBBYNE,0.0,1,15
f30-34,ERIKA FIEDLER,0.0,1,15
f30-34,ERIKA ROBINSON,0.0,1,15
f30-34,FRANCES WU,0.0,1,15
f30-34,GALI KATZNELSON,0.0,1,15
f30-34,GLORIA FERNANDEZ OLIVARES,0.0,1,15
f30-34,HANNA GROVER RICHARDSON,0.0,1,15
f30-34,HANNAH STIRTON,0.0,1,15
f30-34,HANNAH TEEPLE,0.0,1,15
f30-34,HAYLEY BETTLES,0.0,1,15
f30-34,HEATHER BOOTS,0.0,1,15
f30-34,HILARY NEAL,0.0,1,15
f30-34,HILLARY TUFFORD,0.0,1,15
f30-34,JACQUELINE CRAIG,0.0,1,15
f30-34,JASMINE SONG,0.0,1,15
f30-34,JENNA CANONACO,0.0,1,15
f30-34,JESSICA HOFFELDT,0.0,1,15
f30-34,JESSICA WATTS,0.0,1,15
f30-34,JIANING LUO,0.0,1,15
f30-34,JOLINE VAN MAANEN,0.0,1,15
f30-34,JULIA ALMEIDA,0.0,1,15
f30-34,JULIE LEITCH,0.0,1,15
f30-34,KALI COLL,0.0,1,15
f30-34,KARINA MUHIR,0.0,1,15
f30-34,KATE JACOBS,0.0,1,15
f30-34,KELLY HUISMAN,0.0,1,15
f30-34,KENDRA FLEMMING,0.0,1,15
f30-34,KIRSTEN GUY,0.0,1,15
f30-34,LAURA ARBOUR,0.0,1,15
f30-34,LAURA GRENON,0.0,1,15
f30-34,LAURA SCHWEGEL,0.0,1,15
f30-34,LAUREN BREADNER,0.0,1,15
f30-34,LAUREN SOKOLOWSKI,0.0,1,15
f30-34,LAURIN BLACK,0.0,1,15
f30-34,LAYA POLOWIN,0.0,1,15
f30-34,LIBBY EDWARDS,0.0,1,15
f30-34,LISA VAN OSCH,0.0,1,15
f30-34,LUCIE SIMCO,0.0,1,15
f30-34,MADDIE LYNCH,0.0,1,15
f30-34,MADELENE HARBOTTLE,0.0,1,15
f30-34,MADISON CUPANI,0.0,1,15
f30-34,MARIA ALANCHERRY,0.0,1,15
f30-34,MARIA FALLAS,0.0,1,15
f30-34,MARIE-EVE SERVENT,0.0,1,15
f30-34,MEGAN DRUPALS,0.0,1,15
f30-34,MEGAN STUBBS,0.0,1,15
f30-34,MELISSA RICARDO,0.0,1,15
f30-34,NATALIE TERNAMIAN,0.0,1,15
f30-34,NATALINE DUPUIS,0.0,1,15
f30-34,OCEAN JOHNSON-STOREY,0.0,1,15
f30-34,PARISA TADI,0.0,1,15
f30-34,RACHAEL MORRA,0.0,1,15
f30-34,RAE ANN TEIXEIRA,0.0,1,15
f30-34,RENEE BALL,0.0,1,15
f30-34,ROSIE GIBBONS,0.0,1,15
f30-34,SARA SNACHE,0.0,1,15
f30-34,SARAH DEGENOVA,0.0,1,15
f30-34,SARAH DONALDSON,0.0,1,15
f30-34,SARAH KNOWLES,0.0,1,15
f30-34,SAREH DANESHIAN,0.0,1,15
f30-34,SERINA DAI,0.0,1,15
f30-34,SHANNIN MORGAN,0.0,3,15
f30-34,SHAYLYN LUCAS,0.0,1,15
f30-34,SHELBY DORFMAN,0.0,1,15
f30-34,STEPHANIE BARIL,0.0,1,15
f30-34,SUNNY-AMELIA MARSHALL,0.0,1,15
f30-34,TASH YOUSUF,0.0,1,15
f30-34,TRACEY HUBER,0.0,1,15
f30-34,TRITI KHORASHEH,0.0,1,15
f30-34,VANESSA COMEAU,0.0,1,15
f30-34,WAVERLY HUTCHINSON,0.0,1,15
f35-39,KIRBY SKINN-JONES,180.0,2,1
f35-39,MARGOT LEMIEUX,170.0,2,2
f35-39,SHERI KRELL,160.0,2,3
f35-39,BRIANNE OZIMOK,140.0,2,4
f35-39,LEE SELA,130.0,2,5
f35-39,ANA GARCIA,120.0,2,6
f35-39,ALISON CREBA,100.0,1,7
f35-39,BRYNELLE GLOVER,100.0,1,7
f35-39,EMILY MARTIN,100.0,1,7
f35-39,EMILY TURNER,100.0,1,7
f35-39,KATHLEEN DORSEY,100.0,1,7
f35-39,MICHELLE BOYD,100.0,1,7
f35-39,ROXANNE EGAN-ELLIOTT,100.0,1,7
f35-39,CARLY WATTERS,90.0,1,8
f35-39,ERIN THOMAS,90.0,1,8
f35-39,IRINA SHTEPA,90.0,1,8
f35-39,JENNIFER HOLMAN,90.0,1,8
f35-39,KELSEY STRAATSMA,90.0,1,8
f35-39,RACHEL GOULET,90.0,1,8
f35-39,SHANNON PARSONS,90.0,1,8
f35-39,CHRISTINE PAIVA,85.0,1,9
f35-39,GABRIELLE COOTE,85.0,2,9
f35-39,JANE LOYER,85.0,1,9
f35-39,LESLIE BONE,85.0,1,9
f35-39,MAGGIE PAYNE,85.0,1,9
f35-39,MARISSA WEAVER,85.0,1,9
f35-39,ELLI GARLIN,80.0,1,10
f35-39,JENNA MCDONALD,80.0,1,10
f35-39,JILL HOLMES,80.0,1,10
f35-39,KALY TOBE,80.0,1,10
f35-39,KAREN NGO,80.0,1,10
f35-39,MORGAN KELLY,80.0,1,10
f35-39,AMY OVERSTROM,75.0,1,11
f35-39,CHANTEL MULLAN,75.0,1,11
f35-39,KELSEY MOLNAR,75.0,1,11
f35-39,LEILA BAL,75.0,1,11
f35-39,MARNIE LAVIGNE,75.0,1,11
f35-39,MEAGHAN COKER,75.0,1,11
f35-39,POLINA OSMERKINA,75.0,1,11
f35-39,TESSA ROBINSON,75.0,1,11
f35-39,CATHERINE MCLAUGHLIN,70.0,1,12
f35-39,COURTNEY MILLER,70.0,1,12
f35-39,EMILY HIGGINS,70.0,1,12
f35-39,JELENA BOOCOCK,70.0,1,12
f35-39,KALLI GREEN,70.0,1,12
f35-39,MICHELLE FARRAR,70.0,1,12
f35-39,BRITTANY LAVERGNE,65.0,1,13
f35-39,CAITLIN THOMPSON,65.0,1,13
f35-39,ELISSA TURNER,65.0,1,13
f35-39,KALEY SUHR,65.0,1,13
f35-39,LEAHANNE SCHLENDER,65.0,1,13
f35-39,MELANIE BRISSON,65.0,3,13
f35-39,NICOLA KIRWAN,65.0,1,13
f35-39,CAITLIN DUFFIN,60.0,2,14
f35-39,CATHERINE MORGAN,60.0,1,14
f35-39,CHANTAL WONG,60.0,1,14
f35-39,JOANNA STEPHENSON,60.0,1,14
f35-39,KAILEY MCINTEE,60.0,1,14
f35-39,KRISTA LABINE,60.0,2,14
f35-39,ADARA DOHERTY,55.0,1,15
f35-39,BREANNE JACKSON,55.0,1,15
f35-39,CAITLIN SMAL,55.0,1,15
f35-39,CAROLINE PULLAN,55.0,1,15
f35-39,KIMBERLEY OUELLETTE,55.0,1,15
f35-39,TINA ZHU,55.0,1,15
f35-39,VICTORIA LABERGE,55.0,1,15
f35-39,ALLISON CUBBERLEY,50.0,1,16
f35-39,ANTONINA PIANYKH,50.0,1,16
f35-39,JEN SICKINGER,50.0,1,16
f35-39,JESIANE QUEIROZ ODA,50.0,1,16
f35-39,LISA AMERONGEN,50.0,1,16
f35-39,NADIA KAMAL,50.0,1,16
f35-39,SHANNON WINTERBURN,50.0,1,16
f35-39,ALANNA KEELEY,0.0,1,17
f35-39,ALI CLOSE,0.0,1,17
f35-39,ALYSSA MCKONE,0.0,1,17
f35-39,AMANDA ATTRELL,0.0,1,17
f35-39,AMBER WEST,0.0,1,17
f35-39,ANA FOLLETET,0.0,1,17
f35-39,ANDREA GARCÍA,0.0,1,17
f35-39,ANDREA THOMPSON,0.0,1,17
f35-39,ASHLEY WILSON,0.0,1,17
f35-39,ATIEH DANESHIAN EIRED MOUSA,0.0,1,17
f35-39,BRITTNEY DRYSDALE,0.0,1,17
f35-39,CAITLIN LEACH,0.0,1,17
f35-39,CAITLIN WOELLER,0.0,1,17
f35-39,CARLY BAUTISTA,0.0,1,17
f35-39,CHANEL CHADA,0.0,2,17
f35-39,CHELSEA HICKS-WEBSTER,0.0,1,17
f35-39,CHRISTINA PAGEAU,0.0,1,17
f35-39,CLARISSA LIRA,0.0,1,17
f35-39,DAISY MORRIS,0.0,1,17
f35-39,DANIELLE DOUGLAS,0.0,1,17
f35-39,ELISA STACY,0.0,1,17
f35-39,EMILY MCCAULEY,0.0,1,17
f35-39,EMMA BIGELOW,0.0,1,17
f35-39,EMMA GORBEY,0.0,1,17
f35-39,ERESHA DICKSON,0.0,1,17
f35-39,ERIN ATKINSON,0.0,1,17
f35-39,FARRA KURNIAWAN,0.0,1,17
f35-39,FIONA HAUBER,0.0,1,17
f35-39,GABRIELA RODRIGUEZ HERRERA,0.0,1,17
f35-39,GHADEIR MADLOL,0.0,1,17
f35-39,GIOVANNA GALUPPO,0.0,1,17
f35-39,GWYNETH THOMSON,0.0,1,17
f35-39,HAORAN ZHOU,0.0,1,17
f35-39,HAYLEY VALLEAU,0.0,1,17
f35-39,INGE SCHOEMAN,0.0,1,17
f35-39,ISABEL RITCHIE,0.0,1,17
f35-39,JADE ELLIS,0.0,1,17
f35-39,JAMIE BELL,0.0,1,17
f35-39,JAMIE IKOLA,0.0,2,17
f35-39,JEN QUIRK,0.0,1,17
f35-39,JENNIFER THORNEY,0.0,1,17
f35-39,JENNIFER WOOD,0.0,1,17
f35-39,JESSE BETTIO,0.0,1,17
f35-39,JESSICCA MACINTOSH,0.0,1,17
f35-39,JIEHUA YUAN,0.0,1,17
f35-39,JULIA HYNES,0.0,1,17
f35-39,JULIANA BERGIN,0.0,1,17
f35-39,K MORAN,0.0,1,17
f35-39,KAITLYN CHAPMAN,0.0,1,17
f35-39,KAREN CACERES PONCE DE LEON,0.0,1,17
f35-39,KELLY VERE,0.0,1,17
f35-39,KERRI BEATON,0.0,1,17
f35-39,LAURA WAITE,0.0,1,17
f35-39,LAUREN HANKE,0.0,1,17
f35-39,LINDSAY DROVER,0.0,1,17
f35-39,LINDSAY JONES,0.0,1,17
f35-39,MADDIE TURRIFF,0.0,1,17
f35-39,MAUDE AMYOT,0.0,1,17
f35-39,MEREDITH FEAR,0.0,1,17
f35-39,MICHELLE MENDOZA,0.0,1,17
f35-39,NATOYA MAYNARD,0.0,1,17
f35-39,NICOLA MCISAAC,0.0,1,17
f35-39,REBECCA FORTIG,0.0,1,17
f35-39,SACCHA DE SANTIS,0.0,1,17
f35-39,SARA HELMI,0.0,1,17
f35-39,SHIRLEY ZHOU,0.0,1,17
f35-39,STACIE KLING,0.0,1,17
f35-39,STEFANIA PALLOTTA,0.0,1,17
f35-39,STEPHANIE ROVIG,0.0,1,17
f35-39,TAYLOR WILLIAMS,0.0,1,17
f35-39,VINIDHRA VAITHEESWARAN,0.0,1,17
f35-39,VIVIAN CHAN,0.0,1,17
f35-39,ZAHIDA MEGHJI,0.0,1,17
f35-39,ZOE KAMENZ,0.0,1,17
f40-44,JENNIFER HERNANDEZ,200.0,2,1
f40-44,ANGELA MANICCIA,180.0,2,2
f40-44,KATHERINE YARDLEY,160.0,2,3
f40-44,LAURA-LEE MAJANO,160.0,2,3
f40-44,NADINE JENSEN,155.0,2,4
f40-44,JESSICA CATTON RINALDI,130.0,2,5
f40-44,BROOK NOBLE,100.0,1,6
f40-44,CARLEY SOMERSET,100.0,1,6
f40-44,JODY YOKEN,100.0,1,6
f40-44,JULIE CARON,100.0,1,6
f40-44,MARIE-CLAUDINE BOUCHER,100.0,1,6
f40-44,ROSLYN WEIR,100.0,1,6
f40-44,CARLY THOMPSON,90.0,1,7
f40-44,CAROLINE DE FARIA OLIVEIRA FERREIRA,90.0,1,7
f40-44,CLAIRE WRIGHT,90.0,1,7
f40-44,KYLA STOCKDALE,90.0,1,7
f40-44,MEG WALKER,90.0,1,7
f40-44,NATASJA VILLER,90.0,1,7
f40-44,BARBARA COOPMAN,85.0,1,8
f40-44,HEATHER REPETSKI,85.0,1,8
f40-44,LAURA MCKERCHER,85.0,1,8
f40-44,MEG MACPHERSON,85.0,1,8
f40-44,MICHELLE VAN WALRAVEN,85.0,1,8
f40-44,NICOLE ARISS,85.0,1,8
f40-44,SUZIE BURTON,85.0,1,8
f40-44,CAROLINE FERREIRA,80.0,1,9
f40-44,CAROLYN SEMENIUK,80.0,1,9
f40-44,RACHEL COENS,80.0,1,9
f40-44,REENA CHADA LOBO,80.0,1,9
f40-44,ERICA BURTON,75.0,1,10
f40-44,INDRE LIUTKUS,75.0,1,10
f40-44,LAURA MARCUS,75.0,1,10
f40-44,LAUREN FLOWERS,75.0,1,10
f40-44,MARY BETH BACKEWICH,75.0,1,10
f40-44,MICHELLE SAULS,75.0,1,10
f40-44,SARAH O'CONNELL,75.0,1,10
f40-44,STEPHANIE CROSS,75.0,1,10
f40-44,ANNIE DUCAS,70.0,1,11
f40-44,BRITTA GARDINER,70.0,1,11
f40-44,COSETTE DEROME,70.0,1,11
f40-44,DAYNA MACNEILL,70.0,1,11
f40-44,LINDSAY WADUCK,70.0,1,11
f40-44,MICHELLE KARAM,70.0,1,11
f40-44,AMY ARCHER,65.0,1,12
f40-44,CHRISTINE KELLY,65.0,1,12
f40-44,GILL GERMAN,65.0,2,12
f40-44,HEATHER KEMP,65.0,1,12
f40-44,JACQUELINE LUKINGS,65.0,1,12
f40-44,KRISTY MULLIGAN,65.0,1,12
f40-44,MICHELLE WEIR,65.0,1,12
f40-44,VANESSA SILVA,65.0,1,12
f40-44,ARIEL AMARAL,60.0,1,13
f40-44,CARLA BAPTISTA,60.0,1,13
f40-44,DIANE SPILLER,60.0,1,13
f40-44,MAGGIE KUBAT,60.0,1,13
f40-44,MEGAN TOWNS,60.0,1,13
f40-44,MEGHAN GRONDIN-STOCKS,60.0,1,13
f40-44,REBEKAH KING,60.0,1,13
f40-44,AMBER-LYNN RENTON,55.0,1,14
f40-44,DANIELLE GERVAIS,55.0,1,14
f40-44,DEBI WADE,55.0,1,14
f40-44,FRAN WINTERS,55.0,1,14
f40-44,IRINA DUBINSKI,55.0,2,14
f40-44,LEIGH ANNE MARTIN,55.0,1,14
f40-44,MARIANA FERREIRA,55.0,1,14
f40-44,TESSA VLAANDEREN,55.0,1,14
f40-44,ANDREA VONGPHACHANH,50.0,1,15
f40-44,ANGELA STEWART,50.0,1,15
f40-44,CANDACE HALES,50.0,1,15
f40-44,DANIELLE BISCHOF,50.0,1,15
f40-44,FIONA MCLEAN,50.0,1,15
f40-44,NIKI SAHNI,50.0,1,15
f40-44,SARAH DUFF,50.0,2,15
f40-44,SHAYNA SINGH,50.0,1,15
f40-44,AISHA CHIANDET,0.0,1,16
f40-44,ALANNA HARMAN,0.0,1,16
f40-44,ANDREA HARPER,0.0,1,16
f40-44,ANIA SMOLENSKAIA,0.0,1,16
f40-44,ASHLEY ADLER WATT,0.0,1,16
f40-44,ASHLEY GILLARD,0.0,1,16
f40-44,CAMILLA ROZANSKI,0.0,1,16
f40-44,CAROLYN PERKINS,0.0,1,16
f40-44,CAYLEIGH MURTAUGH,0.0,1,16
f40-44,CHRISTINE CONSTANTINO,0.0,1,16
f40-44,CLAUDIA BROWN,0.0,1,16
f40-44,COURTNEY STEELE,0.0,1,16
f40-44,DIPTA BAIDYA,0.0,1,16
f40-44,EVELYN PAU,0.0,1,16
f40-44,GINA MONTIEL,0.0,1,16
f40-44,GRACE SOTO,0.0,1,16
f40-44,HEATHER ROLLWAGEN,0.0,1,16
f40-44,HEDIEH BERAHMAND,0.0,1,16
f40-44,HELEN CESCHIA,0.0,2,16
f40-44,JACKIE ALLEN,0.0,1,16
f40-44,JACLYN KANE,0.0,1,16
f40-44,JANELLE REYES,0.0,1,16
f40-44,JENN CHEN,0.0,1,16
f40-44,JESSICA KUHN,0.0,1,16
f40-44,JULIA MACLEOD,0.0,1,16
f40-44,JULIA MYER,0.0,1,16
f40-44,KAREN MESCI,0.0,1,16
f40-44,KAREN SWYSZCZ,0.0,1,16
f40-44,KATE ALLEN,0.0,1,16
f40-44,KATIE ROOYAKKERS,0.0,1,16
f40-44,LAURA MAXWELL,0.0,1,16
f40-44,LAURA RITCHIE,0.0,1,16
f40-44,LAURA SORIA,0.0,1,16
f40-44,LAURA U,0.0,1,16
f40-44,LINDSAY HACKER,0.0,2,16
f40-44,LORRA KAPTEYN,0.0,2,16
f40-44,MANDIE FREIRE,0.0,1,16
f40-44,MARYNA GORELIK,0.0,1,16
f40-44,MEG ST JOHN,0.0,1,16
f40-44,MEGAN SNIDER,0.0,1,16
f40-44,MEGHAN OMARA,0.0,1,16
f40-44,MELINDA MAGGISANO,0.0,1,16
f40-44,MELISSA WAKEM,0.0,2,16
f40-44,MIA ST-AUBIN,0.0,1,16
f40-44,MICHELLE MOORCROFT,0.0,1,16
f40-44,MISHA WEE ARMOUR,0.0,1,16
f40-44,NICOLE MISURA,0.0,1,16
f40-44,NICOLE POWANKUMAR,0.0,1,16
f40-44,RACHEL DEAN,0.0,1,16
f40-44,SAMANTHA JOUBERT,0.0,1,16
f40-44,SARAH BELL,0.0,1,16
f40-44,SARAH BENN ORAVA,0.0,1,16
f40-44,SARAH COLGROVE,0.0,1,16
f40-44,SARAH WEBSTER,0.0,1,16
f40-44,SERENA PONOMAREV,0.0,1,16
f40-44,SHANNON JOHNS,0.0,1,16
f40-44,SHIMA MIRKARIMI,0.0,1,16
f40-44,STEPH OUE,0.0,1,16
f40-44,TYLA HARRIGAN,0.0,1,16
f40-44,VANESSA LUPTON,0.0,1,16
f45-49,CAROLYN CROXALL,280.0,3,1
f45-49,AMANDA YATES,185.0,2,2
f45-49,CHRISTINE KENNEDY,185.0,3,3
f45-49,SHARON WADDELL,180.0,2,4
f45-49,LEXY FOGEL,150.0,2,5
f45-49,ELISABET LESPERANCE,150.0,2,6
f45-49,ERICA KOKIW,140.0,3,7
f45-49,ALLISON MCGARRY,130.0,2,8
f45-49,VANESSA WHITE,120.0,2,9
f45-49,BLAIRE KNIAZIEW GERVAIS,100.0,1,10
f45-49,MADALYN MARCUS,100.0,1,10
f45-49,MELISSA AUBERTIN-COUTU,100.0,1,10
f45-49,TARA POSTNIKOFF,100.0,1,10
f45-49,VERONIC BEZAIRE,100.0,1,10
f45-49,CHERYL SMITS,90.0,1,11
f45-49,ELIZABETH MOKRUSA,90.0,1,11
f45-49,NEVINE HANNA,90.0,1,11
f45-49,SHAUNA CARPENTER,90.0,1,11
f45-49,BONNIE VANDERENDE,85.0,1,12
f45-49,ERIKA CHAMBERLAIN,85.0,1,12
f45-49,KAREN STEWART,85.0,1,12
f45-49,KIMBERLEY MOORE,85.0,1,12
f45-49,MARINA FOUNTIKOVA,85.0,1,12
f45-49,MICHAELA SCRIMGER,85.0,1,12
f45-49,SARAH THOMPSON,85.0,1,12
f45-49,CAROLINE LEE,80.0,1,13
f45-49,COURTNEY SHERWIN,80.0,1,13
f45-49,DIANA GONZALEZ,80.0,1,13
f45-49,KAREN CHEEK,80.0,1,13
f45-49,KRISTEN SCHROEDER,80.0,1,13
f45-49,LESLEY RUDY,80.0,1,13
f45-49,ALEISHA STEVENS,75.0,2,14
f45-49,KATHY SCHIEDEL,75.0,1,14
f45-49,MARIE GELY,75.0,1,14
f45-49,MICHELLE GRIFFITH,75.0,2,14
f45-49,MICHELLE STONE,75.0,1,14
f45-49,AMANDA LANDRE,70.0,1,15
f45-49,EMILY NORCLIFFE,70.0,1,15
f45-49,JEN MCLEISH,70.0,1,15
f45-49,JUSTYNA MITTELSTAEDT,70.0,1,15
f45-49,KAREN VIANNA,70.0,1,15
f45-49,CATRIONA MILL,65.0,1,16
f45-49,CLAIRE MCNABB,65.0,1,16
f45-49,JOANNA SZRAMEK PALERMO,65.0,1,16
f45-49,KENIA SOUSA,65.0,1,16
f45-49,PILI MORALES,65.0,1,16
f45-49,SARAH COLMAN,65.0,1,16
f45-49,SHANNON BONNEY,65.0,2,16
f45-49,AGNES IMANI,60.0,1,17
f45-49,CRISTINA DEGUARA,60.0,1,17
f45-49,KIM KNIGHT,60.0,1,17
f45-49,SARAH KEAY,60.0,1,17
f45-49,SUZANNE WALKER,60.0,1,17
f45-49,DANIELLE HUTCHESON,55.0,1,18
f45-49,JENN MACDONALD,55.0,1,18
f45-49,JESSICA LEIGH,55.0,1,18
f45-49,MONIQUE BAETE,55.0,1,18
f45-49,ALICE BARNETT,50.0,3,19
f45-49,KATHERINE MARTINEAU,50.0,1,19
f45-49,SABINA DIZDAR,50.0,1,19
f45-49,SARAH MATCHETT,50.0,1,19
f45-49,AMY RUMSBY,0.0,1,20
f45-49,ANA RUGAMAS,0.0,1,20
f45-49,ANDREA LAWSON,0.0,1,20
f45-49,ANDREA LEE,0.0,1,20
f45-49,ANNA MARIA DEL COL,0.0,1,20
f45-49,CAROL-ANN RYAN FOLLWELL,0.0,1,20
f45-49,CAROLINE MCISAAC,0.0,1,20
f45-49,CHARLOTTE SERPA,0.0,1,20
f45-49,CHRISTINE RICKARD,0.0,1,20
f45-49,EMILY QUEENAN,0.0,1,20
f45-49,EMMY KELLY,0.0,1,20
f45-49,ERIN DYSART,0.0,1,20
f45-49,HILARY MASEMANN,0.0,1,20
f45-49,JENN DONVILLE,0.0,1,20
f45-49,JILL ROQUE,0.0,1,20
f45-49,JOANNA NELKEN,0.0,1,20
f45-49,JOANNA PALERMO,0.0,1,20
f45-49,JOHANA GOMEZ INOJOSA,0.0,1,20
f45-49,JOSMAR GOMEZ INOJOSA,0.0,1,20
f45-49,JULIA MARKO,0.0,1,20
f45-49,KATHERINE FRASER,0.0,1,20
f45-49,KERRI DEVINE,0.0,1,20
f45-49,KIMBERLY ENSS,0.0,1,20
f45-49,KRISTA CARDAMONE,0.0,1,20
f45-49,LAMIAA EL GHANDOUR,0.0,1,20
f45-49,LAURIE FASOLA,0.0,1,20
f45-49,LINDA LIUTKUS,0.0,1,20
f45-49,LINH NGUYEN,0.0,1,20
f45-49,LISA CORCORAN,0.0,1,20
f45-49,LORI LIGGESMEYER,0.0,1,20
f45-49,LORI MARTIN,0.0,1,20
f45-49,LUCIANA RODRIGUES,0.0,1,20
f45-49,MAGGIE O'CONNOR,0.0,1,20
f45-49,MARCIA PRADO,0.0,1,20
f45-49,MICHELE GRENIER,0.0,1,20
f45-49,NATALIE MEDAK,0.0,1,20
f45-49,RACHEL CHAMBERLAIN,0.0,1,20
f45-49,REBECCA BARNETT,0.0,1,20
f45-49,SHANA HANDRIGAN,0.0,1,20
f45-49,SHANNON WAGLER,0.0,1,20
f45-49,SHELLY DHINGRA,0.0,1,20
f45-49,STACEY MARJERRISON,0.0,1,20
f45-49,VANESSA COOK,0.0,1,20
f45-49,YASMINE KHALIL,0.0,1,20
f50-54,DENISE LUYT,290.0,3,1
f50-54,KYRA PATERSON,250.0,3,2
f50-54,CHERYL VAN DER MARK,215.0,3,3
f50-54,ULI BARDA,200.0,3,4
f50-54,BETHANY SCHEURING,180.0,2,5
f50-54,SANDRA MEDD,180.0,2,5
f50-54,NATHALIE CHIASSON,175.0,2,6
f50-54,CAROLINE BRETON,145.0,2,7
f50-54,SUSAN SNOOK,145.0,2,7
f50-54,LEEANNE MACDOUGALL,110.0,2,8
f50-54,JANET BANNISTER,100.0,1,9
f50-54,JENNIFER GLASS,100.0,1,9
f50-54,JULIE PICHE,100.0,1,9
f50-54,MELANIE MAR,100.0,1,9
f50-54,PARASTOU JADIDI,100.0,1,9
f50-54,WENDY BRITTON,100.0,1,9
f50-54,TANIS FEASBY,90.0,1,10
f50-54,AMY APPELLE,85.0,1,11
f50-54,ELAINE D'AOUST,85.0,1,11
f50-54,LISA MCCARTAN,85.0,1,11
f50-54,MARY CAMERON,85.0,1,11
f50-54,SHANNON RIEKENBRAUCK,85.0,1,11
f50-54,GRAINNE CARBERRY,80.0,1,12
f50-54,KIM GROOTVELD,80.0,1,12
f50-54,KIRSTEN SMITH,80.0,1,12
f50-54,LEAH MCTIERNAN,80.0,1,12
f50-54,LESLIE READE,80.0,1,12
f50-54,PA LEMON,80.0,1,12
f50-54,CAROLYN BRANDOW,75.0,1,13
f50-54,ISABEL TREMBLAY,75.0,1,13
f50-54,MOJGAN MOMAYEZSIAHKAL,75.0,1,13
f50-54,NADINE SEGUIN,75.0,1,13
f50-54,TAMMY HUNTER,75.0,1,13
f50-54,DANIELLE PODARU,70.0,1,14
f50-54,JENNIFER TROWELL,70.0,1,14
f50-54,SHANNON PUNA,70.0,1,14
f50-54,SUZANNE ALLEN,70.0,1,14
f50-54,TRANG DANG,70.0,1,14
f50-54,DANIELA GRAHAM,65.0,1,15
f50-54,HEIDI LAMBRECHTS,65.0,1,15
f50-54,RHONDA GESINGHAUS VATERS,65.0,1,15
f50-54,SARAH WELLS,65.0,1,15
f50-54,TONJA CLARK,65.0,1,15
f50-54,AMANDA SCHULER,60.0,1,16
f50-54,ANNEMIEKE WADE,60.0,1,16
f50-54,CARLY STEINMAN,60.0,1,16
f50-54,ELIZABETH VIGLASKY,60.0,1,16
f50-54,LEE-ANN VANSTEENKISTE,60.0,1,16
f50-54,TIFFANY CAMERON-LAVOIE,60.0,1,16
f50-54,ESTHER CHOI,55.0,1,17
f50-54,JOANNE VALLEY,55.0,1,17
f50-54,ELANA KAPLAN,50.0,1,18
f50-54,JULIE BECK,50.0,1,18
f50-54,KIM MCKNIGHT,50.0,1,18
f50-54,PATRICIA CASS,50.0,1,18
f50-54,ROXANNA CALDERON,50.0,1,18
f50-54,AMY COUPAL,0.0,1,19
f50-54,BRIANA MYERS,0.0,1,19
f50-54,CANDACE JOHNSON,0.0,1,19
f50-54,HEATHER LOENEN,0.0,1,19
f50-54,KAREN JAY,0.0,1,19
f50-54,KRISTEN ARMSTRONG-SALARI,0.0,1,19
f50-54,LISA ODLOZINSKI,0.0,1,19
f50-54,MICHELLE NELSON,0.0,1,19
f50-54,MONICA QUINLAN,0.0,1,19
f55-59,KARI LEWIS,290.0,3,1
f55-59,IRENE IRWIN,265.0,3,2
f55-59,NATASCHA WESCH,265.0,3,3
f55-59,VICTORIA WINTER,245.0,3,4
f55-59,DULCIE PASCOE,170.0,2,5
f55-59,KEREN ELUMIR,160.0,2,6
f55-59,SUSAN CHERRY,140.0,2,7
f55-59,ANN WALTERS,100.0,1,8
f55-59,ANNA ALEXOPOULOS,100.0,1,8
f55-59,KATHRYN SULLIVAN,100.0,1,8
f55-59,SHARON HODGSON,100.0,1,8
f55-59,JOHANNA PRICE,90.0,1,9
f55-59,MELISSA POOL,90.0,1,9
f55-59,SANDA LANGER,90.0,1,9
f55-59,SYLVIA DULGUEROVA,90.0,1,9
f55-59,ADRIENNE GRANT,85.0,1,10
f55-59,CAROLYN FRAIL,85.0,1,10
f55-59,DARLENE DAWSON,85.0,1,10
f55-59,JANET TUCKER,85.0,1,10
f55-59,MONICA HOLBOKE,85.0,1,10
f55-59,CHRISTINE CAMERON,80.0,1,11
f55-59,KRISTIN ZEIDLER,80.0,1,11
f55-59,L CUNINGHAM,80.0,1,11
f55-59,RAQUEL LINDSELL-OCIO,80.0,1,11
f55-59,DEANA MERCIER,75.0,1,12
f55-59,KERRY LYNN THOMPSON,75.0,1,12
f55-59,SUE RITCEY,75.0,1,12
f55-59,KELLY ELLIGSON,70.0,1,13
f55-59,LORI TURK,70.0,1,13
f55-59,MELISSA ALS,70.0,1,13
f55-59,SANDY CONNORS,70.0,1,13
f55-59,BETH STRINGER,65.0,1,14
f55-59,CATHERINE LERIT-REINHARDT,65.0,1,14
f55-59,MARCELLA HENSCHEL,65.0,1,14
f55-59,SUE GAUDI,65.0,1,14
f55-59,LYNN FIRKINS,60.0,1,15
f55-59,SUSANNE ALLEN,60.0,1,15
f55-59,DONNA HESLIN,55.0,1,16
f55-59,SHANNON TOMLINSON,55.0,1,16
f55-59,MIRTA RODRIGUEZ,50.0,1,17
f55-59,HEATHER SIEGFRIED,0.0,1,18
f55-59,LEA LADOUCEUR,0.0,1,18
f60-64,LORRAINE HUTT,300.0,3,1
f60-64,SUE WARREN,190.0,2,2
f60-64,CHERYL COLIZZA,175.0,2,3
f60-64,JANICE TREASURE,175.0,2,3
f60-64,KAREN SMITH,160.0,2,4
f60-64,IRIS LAYCOCK,150.0,2,5
f60-64,HEATHER SITUM,140.0,2,6
f60-64,ANUSCHKA HENEY,100.0,1,7
f60-64,KATE LAZIER,100.0,1,7
f60-64,LAUREN EDWARDS,100.0,1,7
f60-64,SUSAN MCCALLUM,100.0,1,7
f60-64,DONNA BARTEL,90.0,1,8
f60-64,JO-ANNE LAMB,90.0,1,8
f60-64,JOANNE LUNDIE,90.0,1,8
f60-64,VALERIE SMITH,90.0,1,8
f60-64,BLANCHE THOMAS,85.0,1,9
f60-64,DARRYL JANE EDWARDS,85.0,1,9
f60-64,JEN MCKAIG,85.0,1,9
f60-64,MOE GRASZAT,85.0,1,9
f60-64,WENDY MCCLYMONT,85.0,1,9
f60-64,ALLISON HOOPER,80.0,1,10
f60-64,GILLIAN JOHNSTON,80.0,2,10
f60-64,JOSEE DUMAS-HURT,80.0,1,10
f60-64,MICHELLE RUMNEY,80.0,1,10
f60-64,JOANNE WALLACE,75.0,1,11
f60-64,SHARON BURLACOFF,75.0,1,11
f60-64,TERRI BOOCOCK,75.0,1,11
f60-64,VALERIE WISE,75.0,1,11
f60-64,ZENA NURSE,75.0,1,11
f60-64,CYN ROZEBOOM,65.0,1,12
f60-64,MARY CASE,65.0,1,12
f60-64,ISABELLE APOLONIA,60.0,1,13
f65-69,MARTHA HARDING,300.0,3,1
f65-69,MICKI RIVERS,290.0,3,2
f65-69,ANNE AQUI,185.0,2,3
f65-69,SONJA GOULD,180.0,2,4
f65-69,ELLEN AUSTER,150.0,2,5
f65-69,MARIANNE BIALKOWSKI,100.0,1,6
f65-69,CAROLYN DEETH,90.0,1,7
f65-69,EILEEN MCMAHON,90.0,1,7
f65-69,JANE PYPER,90.0,1,7
f65-69,JANICE CHEDORE,90.0,1,7
f65-69,PATRICIA MAN,90.0,1,7
f65-69,CATHY O'NEIL,85.0,1,8
f65-69,JOHANN COOPER,85.0,1,8
f65-69,MAUREEN BROOK,85.0,1,8
f65-69,BARBARA ORSER,80.0,1,9
f65-69,COLLEEN GILCHRIST,80.0,1,9
f65-69,JANICE ROBINSON,80.0,1,9
f65-69,SUSAN SAMI,80.0,1,9
f65-69,KATE VANDER ZAAG,70.0,1,10
f65-69,CAROL ALTILIA,65.0,1,11
f65-69,JOAN WHITMAN,60.0,1,12
f65-69,IRENE MAGUIRE,55.0,1,13
f65-69,BEVERLEY ORSER,50.0,2,14
f65-69,SHARON GATES,0.0,1,15
f65-69,LUISA O GAY,0.0,1,16
f70-74,NANCY COLE,300.0,3,1
f70-79,LYNNE WARDLE-RANSOM,100.0,1,1
f70-79,JANET THOMPSON,90.0,1,2
f70-79,LIZ CAMPBELL,85.0,1,3
f70-79,HEATHER CRISP,80.0,1,4
f70-79,PATRICIA KITCHEN,75.0,1,5
f75-79,JANET THOMPSON,200.0,2,1
m0-15,ERIK VURMA,100.0,1,1
m0-15,ASHER GASKELL,90.0,1,2
m0-15,MARK MICHELAZZI,85.0,1,3
m0-15,LUKE STASIW,80.0,1,4
m0-15,DAVID HEWSON,75.0,1,5
m0-15,KARSON GERVAIS,70.0,1,6
m0-15,EVAN MERRIMAN,65.0,1,7
m0-15,JACK MIDDAUGH,60.0,1,8
m0-15,MARCUS SMITH,55.0,1,9
m0-15,AARON HOETMER,50.0,1,10
m0-15,HAYDEN SENST,0.0,1,11
m0-15,JONAH BASS,0.0,1,12
m0-15,COLIN HUGHES,0.0,1,13
m0-15,VINCENT CONG,0.0,1,14
m0-15,JACK ALBRECHT,0.0,1,15
m0-15,NICHITA BORODIN,0.0,1,16
m0-19,DUNCAN GRAY,300.0,3,1
m0-19,MARK MICHELAZZI,270.0,3,2
m0-19,ETHAN YATES,175.0,2,3
m0-19,LUKE STASIW,165.0,2,4
m0-19,NATHAN MEAKIN,110.0,2,5
m0-19,DEVIN JANSSEN,100.0,1,6
m0-19,ETHAN BELO,100.0,1,6
m0-19,EVAN CHRISTIAN,100.0,1,6
m0-19,AUSTIN PARDY,90.0,1,7
m0-19,COHEN KAYE,90.0,1,7
m0-19,HENRY BURKE,90.0,1,7
m0-19,ADRIAN CAMILLERI,85.0,1,8
m0-19,AYDEN KENNY,85.0,1,8
m0-19,JACKSON SIDER,85.0,1,8
m0-19,MICHAEL SHAHNAZARIAN,85.0,1,8
m0-19,AIDAN DAILLEBOUST,80.0,1,9
m0-19,COLBY CHANG,80.0,1,9
m0-19,EVAN MERRIMAN,80.0,1,9
m0-19,MATTHEW SKRZYPEK,80.0,1,9
m0-19,LIAM WILSON,75.0,1,10
m0-19,SIDNEY STEWART,75.0,1,10
m0-19,SPENCER BLACK,75.0,1,10
m0-19,TYLER ZHANG,75.0,1,10
m0-19,AIDAN RUTHERFORD,70.0,1,11
m0-19,JJ PARSONAGE,70.0,1,11
m0-19,NICHOLAS HILLIARD,70.0,1,11
m0-19,PATRICK MCELHINNEY,70.0,1,11
m0-19,ZEKE SHANNON,70.0,1,11
m0-19,COLIN HUGHES,65.0,1,12
m0-19,LIAM PARKER,65.0,1,12
m0-19,NOAH MCGREGOR,65.0,1,12
m0-19,WYATT CHARLINSKI,65.0,1,12
m0-19,CALLUM CASSIDY,60.0,1,13
m0-19,DALLIN WOODS,60.0,1,13
m0-19,MATTHEW MURRAY,60.0,1,13
m0-19,ERIC REBELLATO,55.0,1,14
m0-19,EVAN STAMBOLICH,55.0,1,14
m0-19,TRISTAN DE MELLO,55.0,1,14
m0-19,FINLEY PYLE,50.0,1,15
m0-19,ALEXANDER OVESIA,0.0,1,16
m0-19,ANDREAS LI,0.0,1,16
m0-19,ANDREW COP,0.0,1,16
m0-19,BAXTER COOK,0.0,1,16
m0-19,DANNY POPP,0.0,1,16
m0-19,EMMETT YAU-RAMSAY,0.0,1,16
m0-19,ETHAN STEEDMAN,0.0,1,16
m0-19,JENSEN YAU-RAMSAY,0.0,1,16
m0-19,JOSH GOLGER,0.0,1,16
m0-19,LUCA CARERE,0.0,1,16
m0-19,MAX PERRY,0.0,1,16
m0-19,MAX QUINLAN,0.0,1,16
m0-19,MYLES ODLOZINSKI,0.0,1,16
m0-19,NATHAN MAN,0.0,1,16
m0-19,PETER ALEXIS,0.0,1,16
m0-19,SAM XIAO,0.0,1,16
m0-19,TRUNG NGUYEN,0.0,1,16
m20-24,NATHANIEL PENNER,175.0,2,1
m20-24,DAVID BROWN,165.0,2,2
m20-24,BRANDON WILSON,160.0,2,3
m20-24,MARIO TAURASI-WOOD,160.0,2,3
m20-24,RYAN DEAN,145.0,2,4
m20-24,BEN KIRSH,135.0,3,5
m20-24,SPENCER BRYANT,110.0,2,6
m20-24,JOSHUA LEMIRE,110.0,3,7
m20-24,BRANDON SCHUPP,100.0,1,8
m20-24,JACK FAIRFIELD,100.0,1,8
m20-24,JAMES CAMERON-HAMILTON,100.0,1,8
m20-24,JAMES GRIFFIN,100.0,1,8
m20-24,NICHOLAS FRIESEN,100.0,1,8
m20-24,RYAN FERRI,100.0,1,8
m20-24,THOMAS MATTHIAS,100.0,1,8
m20-24,WILLIAM VANHALTEREN,100.0,1,8
m20-24,JACK RYNARD,90.0,1,9
m20-24,JACK WILEY,90.0,1,9
m20-24,JAKE MANAFO,90.0,1,9
m20-24,OWEN ANDERSON,90.0,1,9
m20-24,PAUL MYSKO,90.0,1,9
m20-24,STEPHEN BELANGER,90.0,1,9
m20-24,THOMAS GIAMMICHELE,90.0,1,9
m20-24,ERIC DE FARO,85.0,1,10
m20-24,JURE TRUTINA,85.0,1,10
m20-24,NICHOLAS KOSS,85.0,1,10
m20-24,SCOTT HOOD,85.0,1,10
m20-24,YASEEN KHAN,85.0,1,10
m20-24,BRENNAN LUPYRYPA,80.0,1,11
m20-24,CHRISTIAN BARIDA,80.0,1,11
m20-24,DARREN CAMERON,80.0,1,11
m20-24,JAMES BOLAND,80.0,1,11
m20-24,JOSHUA LOURENCO OWEN,80.0,1,11
m20-24,AIDAN SPIERS,75.0,1,12
m20-24,ANDREW FRIEDMAN,75.0,1,12
m20-24,CAMERON MACDONALD,75.0,1,12
m20-24,ERIK DEROOS,75.0,1,12
m20-24,KYLE GOODALE,75.0,1,12
m20-24,ROBERT MUIR,75.0,1,12
m20-24,ANDY RUTLEDGE,70.0,1,13
m20-24,BRAYDEN THOMPSON,70.0,1,13
m20-24,BRIAN KELLY,70.0,1,13
m20-24,LIAM MACPHERSON,70.0,1,13
m20-24,LIAM TURCHIN,70.0,1,13
m20-24,DYLAN MASSEY,65.0,1,14
m20-24,JAN PAUL VINCENT BONUS,65.0,1,14
m20-24,KIERAN STONE,65.0,1,14
m20-24,NICHOLAS FARIA,65.0,1,14
m20-24,RYAN BELO,65.0,1,14
m20-24,ANDREY MARTCHENKO,60.0,1,15
m20-24,BRAYDEN CHARTRAND,60.0,1,15
m20-24,ETHAN ORIEUX,60.0,1,15
m20-24,LOGAN ROSE,60.0,3,15
m20-24,MATTEO CINAPRI,60.0,1,15
m20-24,CAMERON WARREN,55.0,1,16
m20-24,PETER STEWART,55.0,1,16
m20-24,CARY GRANT,50.0,1,17
m20-24,COLE ROBINSON,50.0,1,17
m20-24,JACOB VENTURA,50.0,1,17
m20-24,ABDULLAH AL-SALIHI,0.0,1,18
m20-24,ALEX RESTIVO,0.0,2,18
m20-24,ASHWIN MATHEW,0.0,1,18
m20-24,BENNETT LANGDON,0.0,1,18
m20-24,BORIS LAM,0.0,1,18
m20-24,CAMERON THIBEAU,0.0,1,18
m20-24,CESAR BONILLA,0.0,1,18
m20-24,CONNOR EMSLIE,0.0,1,18
m20-24,DAMON PIZZUTI,0.0,1,18
m20-24,DANIEL DUBINKO,0.0,1,18
m20-24,DILLON MACKENZIE,0.0,1,18
m20-24,EIDAN ERLICH,0.0,1,18
m20-24,ETHAN ODLOZINSKI,0.0,1,18
m20-24,GARETH MCLELLAND,0.0,1,18
m20-24,GAVIN FREITAG,0.0,1,18
m20-24,HARRIS MILLER,0.0,1,18
m20-24,HUZAIFA JAFFERJEE,0.0,1,18
m20-24,ISAAC PHIN-DONALDSON,0.0,1,18
m20-24,ISAAC SMITH,0.0,1,18
m20-24,JAMES LIN,0.0,1,18
m20-24,JESSE CORNISH,0.0,1,18
m20-24,JOHN ZHOU,0.0,1,18
m20-24,JONATHAN MILLER,0.0,1,18
m20-24,JONATHAN SCHOCK,0.0,1,18
m20-24,JOSEPH KATZ,0.0,1,18
m20-24,JOSEPH MONGILLO,0.0,1,18
m20-24,KAI MARTINEAU,0.0,1,18
m20-24,KEVIN WENG,0.0,1,18
m20-24,KYLE SCHEMBRI,0.0,1,18
m20-24,LAURENCE LIANG,0.0,1,18
m20-24,LIAM BROOKS,0.0,1,18
m20-24,LIAM KEENAN,0.0,1,18
m20-24,LUCAS JAVIER,0.0,1,18
m20-24,LUCAS MARKOU,0.0,1,18
m20-24,LUKE WIGHTMAN,0.0,1,18
m20-24,MARK SCHOCK,0.0,1,18
m20-24,MATTHEW PAPAEVANGELOU,0.0,1,18
m20-24,MAXIME MICHET,0.0,1,18
m20-24,MAXWELL BROOK,0.0,1,18
m20-24,MUNTDR MADLOL,0.0,1,18
m20-24,MUSTFAH MADLOL,0.0,1,18
m20-24,MYLES CLAYTON,0.0,1,18
m20-24,NOAH KAZDAN,0.0,1,18
m20-24,RONAN SAHAJPAL,0.0,1,18
m20-24,SAM TANNER,0.0,1,18
m20-24,SHAWN PAN,0.0,1,18
m20-24,STEFAN RIOLA,0.0,1,18
m20-24,TONY YANG,0.0,1,18
m20-24,VARUN KAWLEY,0.0,1,18
m20-24,VICTOR SHIBAEV,0.0,1,18
m20-24,WILLIAM BARRY,0.0,1,18
m20-24,YANDONG LU,0.0,1,18
m25-29,CALLUM DARBY,200.0,2,1
m25-29,FRED WOODLEY,185.0,2,2
m25-29,CHRISTIAN SMITH,180.0,2,3
m25-29,JOSH MCGILLIVRAY,175.0,2,4
m25-29,MAX BENNETT,155.0,2,5
m25-29,TONIS START,150.0,2,6
m25-29,ETHAN SPRING,140.0,2,7
m25-29,HARRISON LEWIS,135.0,2,8
m25-29,ALEX LE BLANC,100.0,1,9
m25-29,C.J. YOANNOU,100.0,1,9
m25-29,JEREMY CANHAM,100.0,1,9
m25-29,NICHOLAS SMITH,100.0,1,9
m25-29,CALEB LAVOIE,90.0,1,10
m25-29,FRANSISKUS RAYMOND,90.0,1,10
m25-29,JAYDEN WIGGINS,90.0,1,10
m25-29,KEVIN BATES,90.0,1,10
m25-29,MATTHEW KEOUGHAN,90.0,1,10
m25-29,NICHOLAS WALTON,90.0,1,10
m25-29,ALEX NEWHOOK,85.0,1,11
m25-29,ANDREW KARKLINS,85.0,1,11
m25-29,LUKE VAN SCHEPEN,85.0,1,11
m25-29,MICHAEL HOLMES,85.0,1,11
m25-29,PIETER VAN GAALEN,85.0,1,11
m25-29,ZACHARY MOLL,85.0,1,11
m25-29,ERIC POTTS,80.0,1,12
m25-29,JOHN STEWART,80.0,1,12
m25-29,JONAH GALLANT,80.0,1,12
m25-29,LOGAN HUNT,80.0,1,12
m25-29,NICK CHODURA,80.0,1,12
m25-29,PAUL MORRA,80.0,1,12
m25-29,ELLIOTT STAMBLER,75.0,1,13
m25-29,GRAEME WOODS,75.0,1,13
m25-29,HAYDEN TOMLINSON,75.0,1,13
m25-29,JACK BENTLEY,75.0,1,13
m25-29,JOHN DERRAUGH,75.0,1,13
m25-29,STAFFORD MARACLE,75.0,1,13
m25-29,BEN ETIENNE,70.0,1,14
m25-29,ERIC (PUWEN) YANG,70.0,1,14
m25-29,JOSEPH SHERMAN,70.0,1,14
m25-29,KYLE GOROSPE,70.0,1,14
m25-29,MAX GRINCOURT,70.0,1,14
m25-29,NICK VUKELIC,70.0,1,14
m25-29,GABRIEL DINIZ,65.0,1,15
m25-29,GRAHAM WILMOT,65.0,2,15
m25-29,JOSH PENNOCK,65.0,1,15
m25-29,KALEB LECLERC,65.0,1,15
m25-29,MATTHEW WIERSMA,65.0,1,15
m25-29,MAX MERCER,65.0,1,15
m25-29,NIKOLAS NIZETIC,65.0,1,15
m25-29,PETER KAISER,65.0,1,15
m25-29,ENZO ROMEO,60.0,1,16
m25-29,LUKE BAWDEN,60.0,1,16
m25-29,MATTHIEU NEDKOV DE LACAMP,60.0,1,16
m25-29,NADIM SOMANI,60.0,1,16
m25-29,STUART BUTTON,60.0,1,16
m25-29,DWIGHT SATUMBA,55.0,1,17
m25-29,JONAH ODLOZINSKI,55.0,1,17
m25-29,JUSTIN DEELEY,55.0,1,17
m25-29,JUSTIN LEM,55.0,1,17
m25-29,NATHAN SMITH,55.0,1,17
m25-29,THOMAS BARREL,55.0,1,17
m25-29,ARIEL ROCHA,50.0,1,18
m25-29,DAVID OSMOND,50.0,1,18
m25-29,JACOB COLETA,50.0,1,18
m25-29,JAKE WYMAN,50.0,1,18
m25-29,TJ PRICE,50.0,1,18
m25-29,WILLIAM MCFARLANE,50.0,1,18
m25-29,ADAM LAFRENIERE,0.0,1,19
m25-29,AIDAN BRENNAN,0.0,1,19
m25-29,ALEX JOBSON,0.0,1,19
m25-29,ALEXANDER DEMISHKEVICH,0.0,1,19
m25-29,ANDREW KOSMOPOULOS,0.0,1,19
m25-29,ANDREW LEE,0.0,2,19
m25-29,ANTON MACHULA,0.0,1,19
m25-29,BEN BEAUSAERT,0.0,1,19
m25-29,BRIANN MCMAHON,0.0,1,19
m25-29,CALEB AUSTIN,0.0,1,19
m25-29,CAMERON MADRUGA,0.0,1,19
m25-29,CHENG XU,0.0,1,19
m25-29,CODY BRAZEAU,0.0,1,19
m25-29,COHEN PINKOSKI,0.0,1,19
m25-29,COLIN JOHNSTONE,0.0,1,19
m25-29,CONNOR BROOKS,0.0,1,19
m25-29,CONNOR SLIPP,0.0,1,19
m25-29,CONOR GALE,0.0,1,19
m25-29,CYRUS MATHESON,0.0,1,19
m25-29,DAVID RUIZ,0.0,1,19
m25-29,DAVID VON ZUBEN,0.0,1,19
m25-29,DEEPISHWAR MANGAT,0.0,1,19
m25-29,DENNIS YOUNG,0.0,1,19
m25-29,DILLON KONG,0.0,1,19
m25-29,DYLAN WENINGER,0.0,1,19
m25-29,EVAN JOHNSTON,0.0,1,19
m25-29,FADY BARSOUM,0.0,1,19
m25-29,FARES ISSA,0.0,1,19
m25-29,FILIP BODERA,0.0,1,19
m25-29,FULLCHEE ZHANG,0.0,1,19
m25-29,GABRIEL SHUBAT,0.0,1,19
m25-29,GARET LUPYRYPA,0.0,1,19
m25-29,GREG COUTTS,0.0,1,19
m25-29,GREGOR BROWNING,0.0,1,19
m25-29,HARRISON BERMAN,0.0,1,19
m25-29,HARRISON SMITH,0.0,1,19
m25-29,IAN MURRAY,0.0,1,19
m25-29,IVAN GADZIC,0.0,1,19
m25-29,JACOB WILKINSON,0.0,1,19
m25-29,JOHN PAUL HANNA,0.0,1,19
m25-29,JONATHAN CRUZ,0.0,1,19
m25-29,JONATHAN LOOI,0.0,1,19
m25-29,JOSEPH DOMINICIS,0.0,1,19
m25-29,JOSHUA DELLA ROSSA,0.0,1,19
m25-29,JOSHUA THEINER,0.0,1,19
m25-29,JOSHUA WARD,0.0,1,19
m25-29,JOSHUA WELLS,0.0,1,19
m25-29,JUSTIN KWAN,0.0,1,19
m25-29,JUSTIN WU,0.0,1,19
m25-29,LEO ZHU,0.0,1,19
m25-29,LIAM CARTER,0.0,1,19
m25-29,LIAM MCQUARRIE,0.0,1,19
m25-29,LIAM WILKINSON,0.0,1,19
m25-29,MAJED KARAM,0.0,1,19
m25-29,MANINDER GILL,0.0,1,19
m25-29,MARCO WILLIAMS,0.0,1,19
m25-29,MARK CAMENZULI,0.0,1,19
m25-29,MARK LEMKAY,0.0,1,19
m25-29,MATT CUSTEAU,0.0,1,19
m25-29,MATTHEW COLLINGS,0.0,1,19
m25-29,MAX KARAN,0.0,1,19
m25-29,MOHAMMED SALEMWALLA,0.0,1,19
m25-29,NICHOLAS MASTROGIUSEPPE,0.0,1,19
m25-29,QIDI ZHOU,0.0,1,19
m25-29,RITCHIE DUONG,0.0,1,19
m25-29,RODNEY FRIESEN,0.0,1,19
m25-29,RODRIGO CHAVEZ MERCADO,0.0,1,19
m25-29,ROILAND HERNANDEZ,0.0,1,19
m25-29,RYAN BROWN,0.0,1,19
m25-29,RYAN REAY-VERMETTE,0.0,1,19
m25-29,SAMUEL ROBERT,0.0,1,19
m25-29,SCOTT GEMMELL,0.0,1,19
m25-29,SEAN RUEL,0.0,2,19
m25-29,SEBASTIAN RIJO,0.0,1,19
m25-29,SEBASTIAN VOTH,0.0,1,19
m25-29,SPENCER STEWART,0.0,1,19
m25-29,THOMAS BAVDEK,0.0,1,19
m25-29,THOMAS MACLACHLAN,0.0,1,19
m25-29,THOMAS TURMEL,0.0,1,19
m25-29,TONY WANG,0.0,1,19
m25-29,TROY MCKENNA,0.0,1,19
m25-29,TUNAHAN SAKAR,0.0,1,19
m25-29,WEI CHIH CHU,0.0,1,19
m25-29,ZHI SHENG CHEN,0.0,1,19
m30-34,STEPHEN BLANKENSHIP,190.0,2,1
m30-34,GERARD MOLLOY,150.0,2,2
m30-34,SIMON GONSALVES,125.0,2,3
m30-34,BEN JOLLY,100.0,1,4
m30-34,JEREMY SEED,100.0,1,4
m30-34,JESSEY THE ELF,100.0,1,4
m30-34,JULIEN TRIDOT,100.0,1,4
m30-34,NICHOLAS WITTIG,100.0,1,4
m30-34,RYAN SANFORD,100.0,1,4
m30-34,SPENCER LECKIE,100.0,1,4
m30-34,ADAM STOBBE,90.0,1,5
m30-34,DAVID WILLIAMS,90.0,1,5
m30-34,MALCOLM GOOD,90.0,1,5
m30-34,MARC LAURENTE,90.0,1,5
m30-34,MATTHEW DAVIES,90.0,1,5
m30-34,MITCHELL MCNEELANDS,90.0,1,5
m30-34,NICHOLAS JURK,90.0,1,5
m30-34,ADRIAN VANDERHELM,85.0,1,6
m30-34,DAN WINTERS,85.0,1,6
m30-34,FIFALIANA RAKOTOARISON,85.0,1,6
m30-34,JACOB CARVER,85.0,1,6
m30-34,JOE BRAZDA,85.0,1,6
m30-34,RYAN LITTLE,85.0,1,6
m30-34,SAM ANDERSON,85.0,1,6
m30-34,SAMUEL DE BROUWER,85.0,1,6
m30-34,DAVID GARCIA,80.0,1,7
m30-34,HUGO PINARD,80.0,1,7
m30-34,JEFFREY BRAUN,80.0,1,7
m30-34,MICHAEL MCCREESH,80.0,1,7
m30-34,SCOTT FREY,80.0,1,7
m30-34,SHAWN LITTLE,80.0,1,7
m30-34,TIM OSTIGUY,80.0,1,7
m30-34,CONOR GILLESPIE-FRIESEN,75.0,1,8
m30-34,DANIEL MILTENBURG,75.0,1,8
m30-34,ISAAC ECKERT,75.0,1,8
m30-34,JACOB VANDER ZAAG,75.0,1,8
m30-34,JOHN PULFORD,75.0,1,8
m30-34,SAM BAXTER,75.0,1,8
m30-34,SIYE CAO,75.0,1,8
m30-34,VLADIMIR SITER,75.0,1,8
m30-34,ALEX BRAZ,70.0,1,9
m30-34,CALEB SIEVERS,70.0,1,9
m30-34,GERMAIN LAIGLE,70.0,1,9
m30-34,GREG DOYLE,70.0,1,9
m30-34,JANSON LAPALME,70.0,1,9
m30-34,JARED SLATTERY,70.0,1,9
m30-34,MITCHELL WARNICA,70.0,1,9
m30-34,JESSE MILINCEVICH,65.0,1,10
m30-34,KYLE ROBINSON,65.0,1,10
m30-34,LOUIS-PHILIPPE DUHAIME,65.0,1,10
m30-34,MICHAEL LUCKY,65.0,2,10
m30-34,MIKE SPEERS,65.0,1,10
m30-34,NICK KATTIS,65.0,1,10
m30-34,ROBERT WOJCIK,65.0,1,10
m30-34,AARON TRAN,60.0,1,11
m30-34,CHARLES MACLEOD,60.0,1,11
m30-34,CÉDRIC HAVERMANS,60.0,1,11
m30-34,ERIC VERDON,60.0,1,11
m30-34,JULIEN SULLIVAN,60.0,1,11
m30-34,LUKE RAHM,60.0,1,11
m30-34,RILEY DENBOK,60.0,2,11
m30-34,BRENDAN EGAN,55.0,1,12
m30-34,JACOB BIANCANIELLO,55.0,1,12
m30-34,JOE JEPPS,55.0,1,12
m30-34,JOSH BONE,55.0,1,12
m30-34,MINSANG KIM,55.0,1,12
m30-34,NELSON HERNANDEZ,55.0,1,12
m30-34,OLEKSANDR PERETOKIN,55.0,1,12
m30-34,SAMUEL KLOPPENBURG,55.0,1,12
m30-34,BRENDAN GLEASON,50.0,1,13
m30-34,CHRIS PORTER,50.0,1,13
m30-34,JORDAN CHARBONNEAU,50.0,1,13
m30-34,LUKE CREIGHTON,50.0,1,13
m30-34,MICHAEL ROHDE,50.0,1,13
m30-34,NICHOLAS KARPIUK,50.0,1,13
m30-34,SHAWN MCTIGUE,50.0,1,13
m30-34,STEFANO FURELLI,50.0,1,13
m30-34,AARON DAVIS-ROTMAN,0.0,1,14
m30-34,AARON ROSKAR,0.0,1,14
m30-34,ALEEM DHANANI,0.0,1,14
m30-34,ALEJANDRO RIZZO NERVO,0.0,1,14
m30-34,ALESIO BARBERA,0.0,1,14
m30-34,ALEXANDER FAIERSTEIN,0.0,1,14
m30-34,ALIREZA HAFEZ,0.0,1,14
m30-34,ANDREW BRONEE,0.0,1,14
m30-34,ANTHONY PONZO,0.0,1,14
m30-34,AVERY KIRKE,0.0,1,14
m30-34,BEN CURRAN,0.0,1,14
m30-34,BEN MCCONKEY,0.0,1,14
m30-34,BENEDICT TAN,0.0,1,14
m30-34,BENJAMIN VANARRAGON,0.0,1,14
m30-34,BORYS BRODZIUK,0.0,1,14
m30-34,BRAEDEN RIGNEY,0.0,1,14
m30-34,BRETT KING,0.0,1,14
m30-34,BRUCE FERGUSON,0.0,1,14
m30-34,CAM DUPUIS,0.0,1,14
m30-34,CAMILO DIAZ,0.0,1,14
m30-34,CHETT MONAGUE,0.0,1,14
m30-34,CHRIS CAMPANELLI,0.0,1,14
m30-34,CLAYTON CULHAM,0.0,1,14
m30-34,CLEMENT MINDJIMBA,0.0,1,14
m30-34,COLSON SPONG,0.0,1,14
m30-34,CONNOR DOWD,0.0,1,14
m30-34,CONNOR LIBBY,0.0,1,14
m30-34,CONNOR PATERSON,0.0,1,14
m30-34,DANE DSOUZA,0.0,1,14
m30-34,DANIEL CRUZ,0.0,1,14
m30-34,DANIEL DILARIO,0.0,1,14
m30-34,DANIEL KHARLAS,0.0,1,14
m30-34,DANIEL KIM,0.0,1,14
m30-34,DANIEL SHEOGOBIND,0.0,1,14
m30-34,DARRIN MORGAN,0.0,1,14
m30-34,DAVID TANGNESS,0.0,1,14
m30-34,DAVID TOWNLIAND,0.0,1,14
m30-34,DAVID TRAN,0.0,1,14
m30-34,DEREK VOGT,0.0,1,14
m30-34,DERRICK NHAN,0.0,1,14
m30-34,DESMOND CHAN,0.0,1,14
m30-34,DHRUV BISARIA,0.0,1,14
m30-34,DREW ROBINSON,0.0,1,14
m30-34,DYLAN LUCA,0.0,1,14
m30-34,DYLAN RIDDELL,0.0,1,14
m30-34,ERIC VANDERHELM,0.0,1,14
m30-34,ERIK ETZLER,0.0,1,14
m30-34,GEOFF SMART,0.0,1,14
m30-34,GLAUBER ARAUJO,0.0,1,14
m30-34,GREG MITCHELL,0.0,1,14
m30-34,HARRESH SIVAMOHAN,0.0,1,14
m30-34,HARRISON CLARKE,0.0,1,14
m30-34,HAYDEN COOK,0.0,1,14
m30-34,HEEVA SARKARRAH,0.0,1,14
m30-34,JACOB LOVE,0.0,1,14
m30-34,JAMES CHO,0.0,1,14
m30-34,JAMES DIDONATO,0.0,1,14
m30-34,JAMES HOWARD,0.0,2,14
m30-34,JAMES RAMPP,0.0,1,14
m30-34,JARED RAWLINGS,0.0,1,14
m30-34,JARRED WARREN,0.0,1,14
m30-34,JASON ALCANTARA,0.0,1,14
m30-34,JASON DUTHIE,0.0,1,14
m30-34,JEAN-CHRISTOPHE DESMEULES,0.0,1,14
m30-34,JEREMY SEGAL,0.0,1,14
m30-34,JIMMY VU,0.0,1,14
m30-34,JIN-SOO PARK,0.0,1,14
m30-34,JOHN GAO,0.0,1,14
m30-34,JOHN HUNKIN,0.0,1,14
m30-34,JOHN JOSEPH MITCHELL,0.0,1,14
m30-34,JONATHAN BARTON,0.0,1,14
m30-34,JONATHAN KLYNKRAMER,0.0,1,14
m30-34,JONER KUO,0.0,1,14
m30-34,JORDAN BALDWIN,0.0,1,14
m30-34,JORDAN BRYANT,0.0,1,14
m30-34,JOSEPH SALTER,0.0,1,14
m30-34,JOSH FULLAN,0.0,1,14
m30-34,KALEFF MORRIS,0.0,3,14
m30-34,KARL JANIEC,0.0,1,14
m30-34,KEN MCDONALD,0.0,1,14
m30-34,KENNETH ALOCILJA,0.0,1,14
m30-34,KEVIN FRIEDMAN,0.0,1,14
m30-34,KEVIN HOLT,0.0,1,14
m30-34,KYLE WARRINER,0.0,1,14
m30-34,LUKE ARCHBELL,0.0,1,14
m30-34,MARK FINGERHUTH,0.0,1,14
m30-34,MARK FOLKERINGA,0.0,1,14
m30-34,MARK FOSTER,0.0,1,14
m30-34,MARTIN DALLAIRE,0.0,1,14
m30-34,MATTHEW HUI,0.0,1,14
m30-34,MATTHEW JUNG,0.0,1,14
m30-34,MATTHEW SOUTHON,0.0,1,14
m30-34,MAX GREATRIX,0.0,1,14
m30-34,MEHRAZ KHAN,0.0,1,14
m30-34,MICHAEL LESNIAK,0.0,1,14
m30-34,MICHAEL WERAGODA,0.0,1,14
m30-34,NEIL GRENADE,0.0,1,14
m30-34,NIALL CLARKE,0.0,1,14
m30-34,NICHOLAS LANDRY,0.0,1,14
m30-34,NICHOLAS PETROZZI,0.0,1,14
m30-34,NICOLAS RENOU,0.0,1,14
m30-34,OMAR EL GAMAL,0.0,3,14
m30-34,OWEN GILLETT,0.0,1,14
m30-34,PAUL CHAKHOV,0.0,1,14
m30-34,PAUL SPRUITENBURG,0.0,1,14
m30-34,PHILIP PAINE,0.0,1,14
m30-34,PIERCE RINALDI,0.0,1,14
m30-34,QUENTIN TAILLEFER,0.0,1,14
m30-34,RICK BARTON,0.0,1,14
m30-34,ROBERT KUNCEWICZ,0.0,1,14
m30-34,RORY KAUFMANN,0.0,1,14
m30-34,RUDOLPH TROSIN,0.0,1,14
m30-34,RYAN WANNAMAKER,0.0,1,14
m30-34,SAMUEL BORDRON,0.0,1,14
m30-34,SAMUEL VINCE,0.0,1,14
m30-34,SEAN GRIXTI,0.0,1,14
m30-34,SHUOQIAN ZHANG,0.0,1,14
m30-34,SPARROW ALS,0.0,1,14
m30-34,STEVEN KELL,0.0,1,14
m30-34,SUNEEL SAINI,0.0,1,14
m30-34,TRUMAN JULIEN,0.0,1,14
m35-39,BRYCE MK HUDSON,290.0,3,1
m35-39,SEAN BUCHAN,255.0,3,2
m35-39,SEAMUS EGAN-ELLIOTT,245.0,3,3
m35-39,NICHOLAS TREVISAN,235.0,3,4
m35-39,OSCAR SIWIEC,190.0,2,5
m35-39,LUKE VEENS,130.0,2,6
m35-39,RYAN WELLS,120.0,2,7
m35-39,BRYAN LITTLE,100.0,1,8
m35-39,DANY MALLEY,100.0,1,8
m35-39,JASON FONGER,100.0,1,8
m35-39,JESSE BRYDGES,100.0,2,8
m35-39,RYAN DORSEY,100.0,1,8
m35-39,ADAM EPSTEIN,90.0,1,9
m35-39,ANDRII BUGAIOV,90.0,1,9
m35-39,DANIEL OLIVEIRA,90.0,1,9
m35-39,STUART GILBERT,90.0,1,9
m35-39,DEREK GRAINGER,85.0,1,10
m35-39,JONATHAN CAMPOS,85.0,1,10
m35-39,NICHOLAS FARR,85.0,1,10
m35-39,SHANNON GANE,85.0,1,10
m35-39,WILLIAM CROSTHWAITE,85.0,1,10
m35-39,BROOKE BOOCOCK,80.0,1,11
m35-39,BRYAN CAPORICCI,80.0,1,11
m35-39,CAMERON FITZGERALD,80.0,1,11
m35-39,GUILLAUME LEPAGE,80.0,1,11
m35-39,JON ROBILLARD,80.0,1,11
m35-39,ROSS BURNS,80.0,1,11
m35-39,YOSEPH MAMAN,80.0,1,11
m35-39,CONOR BROWN,75.0,1,12
m35-39,GRESHAM KIMM,75.0,1,12
m35-39,KALEB WEAVER,75.0,1,12
m35-39,MICHAEL WORSLEY,75.0,1,12
m35-39,RYAN BAULKE,75.0,1,12
m35-39,ALEXEY BULOKHOV,70.0,1,13
m35-39,BRYAN BARCHIESI,70.0,1,13
m35-39,JIM STOOPS,70.0,1,13
m35-39,RYAN MONKMAN,70.0,1,13
m35-39,SOKRATIS TSAKILTSIDIS,70.0,1,13
m35-39,TREVOR SMITH,70.0,1,13
m35-39,ZACK MACDONALD,70.0,1,13
m35-39,ALEXANDER NEUMANN,65.0,1,14
m35-39,AMIN JABER,65.0,1,14
m35-39,ANDREW BRINKMAN,65.0,1,14
m35-39,ANDREW FRIEDENTHAL,65.0,1,14
m35-39,BRETT WEERSINK,65.0,1,14
m35-39,DANIEL SNOWBALL,65.0,1,14
m35-39,LOUIS-PIERRE MAINVILLE,65.0,1,14
m35-39,THOMAS BINCZYK,65.0,1,14
m35-39,ADAM ELLIOTT,60.0,1,15
m35-39,ANDREW BLACK,60.0,1,15
m35-39,CHRISTOPHER DAVIS,60.0,1,15
m35-39,LUIS EDUARDO COLLADO,60.0,1,15
m35-39,MATT BERGUM,60.0,1,15
m35-39,STUART BARNARD,60.0,3,15
m35-39,FRANCISCO ZUNIGA,55.0,1,16
m35-39,GREG DOUGLAS,55.0,1,16
m35-39,NICK POOLE,55.0,1,16
m35-39,NOEL PANG,55.0,1,16
m35-39,SHANE DIRKSEN,55.0,1,16
m35-39,STEPHEN GLENNIE,55.0,2,16
m35-39,TIM PASCHE,55.0,1,16
m35-39,COREY MCNAIR,50.0,1,17
m35-39,DUSTIN SEIDLER,50.0,1,17
m35-39,IAN BURNS,50.0,1,17
m35-39,JOE COLLINS,50.0,2,17
m35-39,JORDAN BUNDA,50.0,1,17
m35-39,JOSIAH SHELLEY,50.0,1,17
m35-39,SHANE ELLIS,50.0,1,17
m35-39,ADAM NESS,0.0,1,18
m35-39,ADAM SMART,0.0,1,18
m35-39,ADAM VASSAIR,0.0,1,18
m35-39,ALEJANDRO JARAMILLO CELIS,0.0,1,18
m35-39,ALEX E MORIN,0.0,1,18
m35-39,ALEXANDER ABBOTT BOYD,0.0,1,18
m35-39,AMBROSE RECOSKIE,0.0,2,18
m35-39,ANDREW CARNOVALE,0.0,1,18
m35-39,ANDREW FLEMING,0.0,1,18
m35-39,ANDREW LAM,0.0,1,18
m35-39,ANDREW MACLEAN,0.0,1,18
m35-39,ANDREW NORTON,0.0,1,18
m35-39,ANDREW ORR,0.0,1,18
m35-39,ANDREW SPRAGG,0.0,1,18
m35-39,ANDRÉ PEPIN,0.0,1,18
m35-39,ANTHONY LEWIS,0.0,1,18
m35-39,ARS SEBASTIEN,0.0,1,18
m35-39,ARTHUR ROCHA,0.0,1,18
m35-39,ASHAN RODRIGUEZ,0.0,1,18
m35-39,BEN SZMYT-VALOIS,0.0,2,18
m35-39,BENJAMIN BEACHAM,0.0,1,18
m35-39,BENJAMIN WU,0.0,1,18
m35-39,BRADLEY COTTEN,0.0,2,18
m35-39,BRADLEY FREE,0.0,1,18
m35-39,BRENNAN BALLANTYNE,0.0,1,18
m35-39,BRIAN BLAKE,0.0,1,18
m35-39,BRYAN SZWARZ,0.0,1,18
m35-39,C CIARAVINO,0.0,1,18
m35-39,CARLOS PEÑA,0.0,1,18
m35-39,CHRISTOPHER MCIVOR,0.0,1,18
m35-39,CHRISTOPHER TROMBLY,0.0,1,18
m35-39,CLINTON TRACEY,0.0,1,18
m35-39,CRISTIAN MOLNAR,0.0,1,18
m35-39,DANIEL DAYTON,0.0,1,18
m35-39,DAVE MARSHALL,0.0,1,18
m35-39,DAVID HAMPSON,0.0,1,18
m35-39,EDWARD PERERA,0.0,1,18
m35-39,EVAN MACKAY,0.0,1,18
m35-39,FELIX LAVOIE,0.0,1,18
m35-39,GABRIEL TAN-CHEN,0.0,1,18
m35-39,GARY NOLAN,0.0,1,18
m35-39,GILLES AMARDEIL,0.0,1,18
m35-39,GUY BOTTOMLEY,0.0,1,18
m35-39,IAN LOVE,0.0,1,18
m35-39,IAN REESER,0.0,2,18
m35-39,IAN SMITH,0.0,1,18
m35-39,IAN TENDIJOWSKI,0.0,1,18
m35-39,JACK RINCON,0.0,1,18
m35-39,JAMES DENDLE,0.0,1,18
m35-39,JAMES SEO,0.0,1,18
m35-39,JASON NG,0.0,1,18
m35-39,JEFF BLACKSHAW,0.0,1,18
m35-39,JEFF HEPBURN,0.0,1,18
m35-39,JEREMY FALLIS,0.0,1,18
m35-39,JEREMY HUCKINS,0.0,1,18
m35-39,JOAO RAMALHO,0.0,1,18
m35-39,JOEL JACOBS,0.0,1,18
m35-39,JOEL LEES,0.0,1,18
m35-39,JOHN MCAULEY,0.0,1,18
m35-39,JORDAN MACLEAN,0.0,1,18
m35-39,JORDAN WINTER,0.0,1,18
m35-39,JORDON CLUNE,0.0,1,18
m35-39,JOSEPH CARRIG,0.0,1,18
m35-39,JOSH HIBBS,0.0,1,18
m35-39,JOSH NEWMAN,0.0,2,18
m35-39,JULIAN PILEGGI,0.0,1,18
m35-39,JULIO PADRON,0.0,1,18
m35-39,JUSTIN CHAN,0.0,1,18
m35-39,KYLE BURLEY,0.0,1,18
m35-39,KYLE MACDONALD,0.0,1,18
m35-39,KYLE STEVENSON,0.0,1,18
m35-39,LAVEN SUKUMARAN,0.0,1,18
m35-39,LEE RANTA,0.0,1,18
m35-39,LEONARDO DA SILVA LOPEZ,0.0,1,18
m35-39,LIAM EDWARDS,0.0,1,18
m35-39,LUCAS JULIEN,0.0,1,18
m35-39,MANUEL PÉREZ MALDONADO,0.0,1,18
m35-39,MARIO DI COSMO,0.0,1,18
m35-39,MARK HILL,0.0,1,18
m35-39,MARK MCGINTY,0.0,1,18
m35-39,MARK MIZEN,0.0,1,18
m35-39,MATT VANDERHELM,0.0,1,18
m35-39,MATTIAS COLIOPOULOS,0.0,1,18
m35-39,MICHAEL MULLER,0.0,1,18
m35-39,MICHAEL RETHY,0.0,1,18
m35-39,NATHAN IRELAND,0.0,1,18
m35-39,NAVEENRAJ RATHINAKUMAR,0.0,1,18
m35-39,NIALL LAAMANEN,0.0,1,18
m35-39,NICHOLAS OBAL,0.0,1,18
m35-39,OSCAR STRASSBURGER FILHO,0.0,1,18
m35-39,PATRICK BROWN,0.0,1,18
m35-39,PATRICK RAPP SCHAFER,0.0,1,18
m35-39,RAFAEL DE LA MORA,0.0,1,18
m35-39,RAFAEL MÜLLER,0.0,1,18
m35-39,RAYMON ATIENZA,0.0,1,18
m35-39,RICHARD GREIDANUS,0.0,1,18
m35-39,ROBERT MASTRODDI,0.0,1,18
m35-39,ROBERT PAQUIN,0.0,1,18
m35-39,RODERICK TOMICZEK,0.0,1,18
m35-39,ROY ROJAS,0.0,1,18
m35-39,RYAN HORNBY,0.0,1,18
m35-39,RYAN JANSSEN,0.0,1,18
m35-39,RYAN O'NEILL,0.0,1,18
m35-39,RYAN OOZEER,0.0,1,18
m35-39,SALAM AL-DURRA,0.0,1,18
m35-39,SAMUEL CHARTERS,0.0,1,18
m35-39,SATISH SURATH,0.0,1,18
m35-39,SEAN O'MARA,0.0,1,18
m35-39,SEAN ROBINSON,0.0,1,18
m35-39,SERGEI SHIBAEV,0.0,1,18
m35-39,STAS BODROV,0.0,1,18
m35-39,STEPHEN WEBB,0.0,1,18
m35-39,THOMAS SEARS,0.0,1,18
m35-39,TREVOR PLINT,0.0,1,18
m35-39,TREVOR WALMSLEY,0.0,1,18
m35-39,TYLER KEYES,0.0,1,18
m35-39,TYLER KOVERKO,0.0,1,18
m35-39,TYLER WILSON,0.0,1,18
m35-39,VIJAI SOOKRAH,0.0,1,18
m35-39,WILL KARELSEN,0.0,1,18
m35-39,WILLIAM SCHWAN,0.0,1,18
m35-39,WILLY STANLEY,0.0,1,18
m35-39,XIN ZHANG,0.0,1,18
m35-39,YURIY CZOLI,0.0,1,18
m40-44,ADRIAN JOSEPH,250.0,3,1
m40-44,HECTOR PALACIOS,200.0,2,2
m40-44,NICHOLAS YARDLEY,200.0,2,2
m40-44,KRISTJAN SPENCE,190.0,2,3
m40-44,MATT MCMULLEN,180.0,2,4
m40-44,EUGENE PINCHUK,170.0,2,5
m40-44,JORDAN SIMARD,170.0,2,6
m40-44,FEDERICO CALABRESE,170.0,3,7
m40-44,RONAN O'LEARY,155.0,2,8
m40-44,MATT GERVAIS,100.0,1,9
m40-44,PAUL WEBSTER,100.0,1,9
m40-44,AVIV MAGEN,90.0,1,10
m40-44,DOMINIK RUDECKI,90.0,1,10
m40-44,FRASER THOMSON,90.0,1,10
m40-44,SEAN BRYANT,90.0,1,10
m40-44,TIM ROSILLO,90.0,1,10
m40-44,ALEX DAMIANO,85.0,1,11
m40-44,CHRIS MCKEERING,85.0,2,11
m40-44,JON FARRAR,85.0,1,11
m40-44,JONATHAN WEIR,85.0,1,11
m40-44,ROBERT WHITMILL,85.0,1,11
m40-44,ANDREI KOMOROWSKY,80.0,2,12
m40-44,GUILLAUME GIROUX,80.0,1,12
m40-44,JEFF MOISAN,80.0,1,12
m40-44,JONATHAN SCRATCH,80.0,1,12
m40-44,JORGE ZAIDAN,80.0,1,12
m40-44,ADAM COHEN,75.0,1,13
m40-44,ADAM HOLMAN,75.0,1,13
m40-44,DEREK MORINE,75.0,1,13
m40-44,IAN LEWIS,75.0,1,13
m40-44,KARL SMOLKA,75.0,1,13
m40-44,PETER PRESTON,75.0,1,13
m40-44,ARTURO GARCIA,70.0,2,14
m40-44,DOUGLAS CREIGHTON,70.0,1,14
m40-44,GIACOMO FALBO,70.0,1,14
m40-44,HENDRIK WALTHER,70.0,1,14
m40-44,SEBASTIEN ROY,70.0,1,14
m40-44,SERGEY BOBKIN,70.0,1,14
m40-44,TOBY NORTH,70.0,1,14
m40-44,CHRISTOPHER LASZLO,65.0,2,15
m40-44,CRAIG MCCUE,65.0,1,15
m40-44,JONATHAN ASSELSTINE,65.0,1,15
m40-44,JONATHAN KARPETZ,65.0,1,15
m40-44,KYLE ANDERSON,65.0,1,15
m40-44,MICHAEL BRENNAN,65.0,1,15
m40-44,MICHAEL GROOT,65.0,1,15
m40-44,PAUL MCGRATH,65.0,2,15
m40-44,DANTE DUARTE,60.0,1,16
m40-44,DAVID PETRIE,60.0,2,16
m40-44,GRANT CAREW,60.0,1,16
m40-44,JESSE GRIN,60.0,1,16
m40-44,MATT WALTER-CONNOY,60.0,1,16
m40-44,MICHAEL GREAVES,60.0,1,16
m40-44,PATRICK GRAY,60.0,1,16
m40-44,SAM BIGELOW,60.0,1,16
m40-44,CHRIS COYLE,55.0,1,17
m40-44,JASON CHAPIESKI,55.0,1,17
m40-44,JASON CHENARD,55.0,1,17
m40-44,JENSEN CLARKE,55.0,1,17
m40-44,MAKSYM TYKHENKO,55.0,2,17
m40-44,NAZORIO KONE,55.0,1,17
m40-44,ROBERT TOMAS,55.0,1,17
m40-44,TODD GREENSPOON,55.0,2,17
m40-44,ANDREW KIERAN,50.0,1,18
m40-44,DANIEL HARTLEY,50.0,1,18
m40-44,ERIC HANSEN,50.0,2,18
m40-44,HARRISON BAQUERO,50.0,1,18
m40-44,KYLE BROWN,50.0,1,18
m40-44,ROBERT GARBARY,50.0,1,18
m40-44,ABDUL FARUQI,0.0,1,19
m40-44,ADAM PYLE,0.0,1,19
m40-44,AFIE JURVANEN,0.0,1,19
m40-44,AHMAD EL NAKIB,0.0,1,19
m40-44,ALEJANDRO GARCIA ORTIZ,0.0,1,19
m40-44,AMAN BHALLA,0.0,1,19
m40-44,ANDREW KIRKPATRICK,0.0,1,19
m40-44,ANDREW MORGAN,0.0,1,19
m40-44,ANDY SUHR,0.0,1,19
m40-44,ARTHUR MUI,0.0,1,19
m40-44,BILL BRUIJNS,0.0,2,19
m40-44,BOBBY FITKIN,0.0,1,19
m40-44,BRIAN NELLES,0.0,1,19
m40-44,CHARLIE QAQISH,0.0,1,19
m40-44,CHRIS ASHTON,0.0,1,19
m40-44,CHRIS MAHONEY,0.0,1,19
m40-44,CHRISTIAN VILLER,0.0,1,19
m40-44,CHRISTOPHER JAMES HAYLOCK,0.0,1,19
m40-44,CLINTON RHINES,0.0,1,19
m40-44,CORY GREENWOOD,0.0,1,19
m40-44,CRAIG SUTTON,0.0,1,19
m40-44,DANIEL TRAVERS,0.0,1,19
m40-44,DARYL MARRITT,0.0,1,19
m40-44,DAVE FISHER,0.0,1,19
m40-44,DAVE MADER,0.0,1,19
m40-44,DAVID AKELAITIS,0.0,1,19
m40-44,DAVID MACNEILL,0.0,1,19
m40-44,DAVID SKILLINGS,0.0,1,19
m40-44,DREW MACDOUGALL,0.0,1,19
m40-44,EDWIN ESCARRAGA,0.0,1,19
m40-44,ERIC BYRNE,0.0,1,19
m40-44,FRAZER WILLAN,0.0,1,19
m40-44,GUILLERMO CAMPOS,0.0,1,19
m40-44,IAN MACMILLAN,0.0,1,19
m40-44,IAN OLLERENSHAW,0.0,1,19
m40-44,ISAAC MARIANO,0.0,1,19
m40-44,JAMES KOVACEVIC,0.0,1,19
m40-44,JAMES MCEWEN,0.0,1,19
m40-44,JASON BIRD,0.0,1,19
m40-44,JASON HAAGENSEN,0.0,1,19
m40-44,JEFFREY BADER,0.0,1,19
m40-44,JEFFREY JACOBS,0.0,1,19
m40-44,JIVAN RAMSAHAI,0.0,1,19
m40-44,JOSH PERIARD,0.0,1,19
m40-44,KARTHIGESH SIVALINGAM,0.0,1,19
m40-44,KELVIN LUK,0.0,1,19
m40-44,KYLE WEDGE,0.0,1,19
m40-44,LACHLAN CANNELL,0.0,1,19
m40-44,LUCA BONI,0.0,1,19
m40-44,MARK BROWN,0.0,1,19
m40-44,MATT HARPER,0.0,1,19
m40-44,MATT HARTLEY,0.0,1,19
m40-44,MATTHEW FRAZER,0.0,1,19
m40-44,MATTHEW TSOUMARIS,0.0,1,19
m40-44,MICHAEL AUSTIN,0.0,2,19
m40-44,MICHAEL BETTS,0.0,1,19
m40-44,MICHAEL BLEAKLEY,0.0,1,19
m40-44,MICHAEL CAI,0.0,1,19
m40-44,MICHAEL GORDON,0.0,1,19
m40-44,MIKE ADAMS,0.0,1,19
m40-44,MIKE LAWSON,0.0,1,19
m40-44,NATHANIEL LAYWINE,0.0,1,19
m40-44,NICK SHIM,0.0,1,19
m40-44,NITIN ANAND,0.0,1,19
m40-44,PETER BLANCHARD,0.0,1,19
m40-44,PETER OLENDZKI,0.0,1,19
m40-44,PETER THUSS,0.0,1,19
m40-44,RADEK RYBICKI,0.0,1,19
m40-44,RAFAL KUBAT,0.0,1,19
m40-44,RAHIL MERCHANT,0.0,1,19
m40-44,RHYS JENKINS,0.0,1,19
m40-44,RICARDO LOVERA,0.0,1,19
m40-44,ROBBIE LACKRITZ,0.0,1,19
m40-44,ROHIT KENDURKAR,0.0,1,19
m40-44,ROSS SEMENIUK,0.0,1,19
m40-44,RYAN LUNDRIGAN,0.0,1,19
m40-44,SHAY BARAT,0.0,1,19
m40-44,SIMON GRAHAM,0.0,1,19
m40-44,STEVE MALONE,0.0,1,19
m40-44,STEVEN MACDONALD,0.0,1,19
m40-44,TERRENCE BELL,0.0,1,19
m40-44,THOMAS KEEGAN,0.0,1,19
m40-44,TIM HAURANEY,0.0,1,19
m40-44,TIM SCHILLING,0.0,1,19
m40-44,TUKER PAYMENT,0.0,1,19
m40-44,TYRONE CHUA,0.0,1,19
m40-44,WHEELOCK PUN,0.0,1,19
m40-44,WILLIAM GOTT,0.0,1,19
m40-44,ZACHARY MOULL,0.0,1,19
m45-49,BEN UNSWORTH,245.0,3,1
m45-49,STEVE SALT,245.0,3,2
m45-49,BRAD COLE,225.0,3,3
m45-49,ANDREW BARNES,190.0,2,4
m45-49,STEVE RAMOS,165.0,2,5
m45-49,STEPHAN VANPLETSEN,130.0,2,6
m45-49,SEAN DIENING,125.0,2,7
m45-49,AARON WILLIAMS,100.0,1,8
m45-49,ALEX BEAULNE,100.0,1,8
m45-49,DAVID GREENFIELD,100.0,1,8
m45-49,KEVIN BEATTY,100.0,1,8
m45-49,MICHAEL TELPNER,100.0,1,8
m45-49,TIM CHRISTIE,100.0,1,8
m45-49,ALAN O'CONNOR,90.0,1,9
m45-49,DAVID HEWSON,90.0,1,9
m45-49,LUCAS POWLESLAND,90.0,1,9
m45-49,MIKE CALLAGHAN,90.0,1,9
m45-49,PAULO LIMA,90.0,1,9
m45-49,SCOTT DAVEY,90.0,1,9
m45-49,THOMAS FREURE,90.0,1,9
m45-49,CHRIS CHAMBERS,85.0,1,10
m45-49,JEFF WILLIAMS,85.0,1,10
m45-49,MICHAEL COLQUHOUN,85.0,1,10
m45-49,SCOTT WISNER,85.0,1,10
m45-49,STEPHANE PERTH,85.0,1,10
m45-49,ANDY NEWMAN,80.0,1,11
m45-49,BARRY DEANE,80.0,1,11
m45-49,DAVID FERNANDEZ RODRIGUEZ,80.0,1,11
m45-49,FREDDY AMAYA,80.0,1,11
m45-49,MICHAEL TWIGG,80.0,1,11
m45-49,JOEL CUMMING,75.0,1,12
m45-49,MIKE COLE,75.0,1,12
m45-49,RENE SANCHEZ,75.0,1,12
m45-49,STEVE SHERWIN,75.0,1,12
m45-49,TOBY HEAPS,75.0,1,12
m45-49,ADAM PENTNEY,70.0,1,13
m45-49,IMRI YOUNG,70.0,1,13
m45-49,JAMES WILSON,70.0,1,13
m45-49,JASON MOORE,70.0,1,13
m45-49,PAUL ACCURSI,70.0,1,13
m45-49,PETER ELLIS,70.0,1,13
m45-49,C LEONARDO GARCIA O,65.0,1,14
m45-49,DAVID KIM,65.0,1,14
m45-49,FRANCIS CHEE,65.0,1,14
m45-49,JOSHUA CHERNG,65.0,1,14
m45-49,RAMON KAGAN,65.0,1,14
m45-49,SANJEEV SHARMA,65.0,1,14
m45-49,SCOTT RAMSAY,65.0,1,14
m45-49,BRENT MCCURDY,60.0,1,15
m45-49,DANIEL IM,60.0,2,15
m45-49,GRAHAM COLE,60.0,1,15
m45-49,JASON WEST,60.0,1,15
m45-49,JON CHEEK,60.0,1,15
m45-49,MUSTAFA AL-DURRA,60.0,1,15
m45-49,SCOTT JORDAN,60.0,1,15
m45-49,ALI LORESTANI,55.0,1,16
m45-49,DAVID TAUSKY,55.0,1,16
m45-49,JEFFREY GREENSPOON,55.0,1,16
m45-49,JUSTIN CHUNG,55.0,1,16
m45-49,MATT COLELLA,55.0,1,16
m45-49,MATT HODGSON,55.0,1,16
m45-49,RODRIGO MENDOZA,55.0,1,16
m45-49,SHAUN GRANT,55.0,1,16
m45-49,CHRIS HALES,50.0,1,17
m45-49,EDMUND NG,50.0,1,17
m45-49,JOHN SAMCOE,50.0,1,17
m45-49,RICARDO RODRIGUEZ,50.0,1,17
m45-49,STEVE YOUNG,50.0,2,17
m45-49,TRAVERS HARTLEY-SMITH,50.0,1,17
m45-49,AARON CHAN,0.0,1,18
m45-49,ADAM SZPRUTA,0.0,1,18
m45-49,ALESSANDRO MINHAO,0.0,1,18
m45-49,BLAKE DECLARK,0.0,1,18
m45-49,CHRIS BALSDON,0.0,1,18
m45-49,CLAUDIO LEPPE,0.0,1,18
m45-49,DAN HUGHES,0.0,1,18
m45-49,DARREN GRAY,0.0,1,18
m45-49,DAVID SCHEINBERG,0.0,1,18
m45-49,DEREK MATISZ,0.0,1,18
m45-49,DERRICK CREMIN,0.0,2,18
m45-49,DOMINIC ANTONY,0.0,1,18
m45-49,DUNCAN COWAN,0.0,1,18
m45-49,ELBERT CHU,0.0,1,18
m45-49,JASON DENNIS,0.0,2,18
m45-49,JEREMY BOUDREAU,0.0,1,18
m45-49,JOSEPH CHAN,0.0,1,18
m45-49,KENNY CHAN,0.0,1,18
m45-49,KEVIN LAHEY,0.0,1,18
m45-49,LANGSTON LAI,0.0,1,18
m45-49,LAURENT GELY,0.0,1,18
m45-49,MARAT LAZAREV,0.0,2,18
m45-49,MARCIO CASSOL,0.0,2,18
m45-49,MARTIN FARKAS,0.0,1,18
m45-49,MATHIEU BARIL,0.0,1,18
m45-49,MATT BEDERNJAK,0.0,1,18
m45-49,MATTHEW MACLEOD,0.0,1,18
m45-49,MICHAEL A LALONDE,0.0,1,18
m45-49,MICHAEL BIANCHI,0.0,1,18
m45-49,MICHAEL EMMERSON,0.0,1,18
m45-49,MIKE PAMELI,0.0,1,18
m45-49,MOHAMED EL FOULY,0.0,1,18
m45-49,NICHOLAS SYLVESTRE-WILLIAMS,0.0,1,18
m45-49,OSCAR STRAWCZYNSKI,0.0,2,18
m45-49,PETER BRUGNATTI,0.0,1,18
m45-49,ROMEO DACLAN CASTRO,0.0,1,18
m45-49,RON BATUIGAS,0.0,1,18
m45-49,RYAN MCCANN,0.0,1,18
m45-49,SCOTT WAGLER,0.0,1,18
m45-49,SEAN KELLY,0.0,1,18
m45-49,SERGIO SAYAGO,0.0,1,18
m45-49,STEVEN LIVINGSTONE,0.0,1,18
m45-49,TANABY ZIBAMANZAR MOFRAD,0.0,1,18
m45-49,WILLIAM NG,0.0,1,18
m50-54,WILL NEWELL,280.0,3,1
m50-54,CHRISTIAN HELLER,265.0,3,2
m50-54,DUNCAN SALISBURY,245.0,3,3
m50-54,ALASDAIR PATERSON,215.0,3,4
m50-54,TOM PARKER,195.0,3,5
m50-54,KEVIN PEDERSEN,175.0,2,6
m50-54,CHRIS REID,160.0,2,7
m50-54,JEFF MEDD,145.0,2,8
m50-54,SIMON FRANCIS,120.0,2,9
m50-54,DERRICK ABRAHAM,110.0,2,10
m50-54,ANDREW HOLMES,100.0,1,11
m50-54,DAVID LEVY,100.0,1,11
m50-54,GORDON NGAN,100.0,1,11
m50-54,MATTHEW SCOTT,100.0,1,11
m50-54,MICHAEL BROWN,100.0,1,11
m50-54,STEPHEN CANN,100.0,1,11
m50-54,GREG ANDERSON,90.0,1,12
m50-54,NICK ASQUINI,90.0,1,12
m50-54,NICK KOLODZIE,90.0,1,12
m50-54,SHAWN MCLEISH,90.0,1,12
m50-54,SIMON WITHERS,90.0,1,12
m50-54,ANDREW AULT,85.0,1,13
m50-54,LUIS GARCIA,85.0,1,13
m50-54,MICHAEL DAVIDSON,85.0,1,13
m50-54,DAMIEN GALLAGHER,80.0,1,14
m50-54,DAVE ROWE,80.0,1,14
m50-54,DEAN IVES,80.0,1,14
m50-54,JON ADAMS,80.0,1,14
m50-54,TREVOR HOOD,80.0,1,14
m50-54,BRIAN NORCLIFFE,75.0,1,15
m50-54,CARL OLIVER,75.0,1,15
m50-54,DANIEL AMBROSINI,75.0,1,15
m50-54,PAUL COLANGELO,75.0,1,15
m50-54,THOMAS VANDEPEER,75.0,1,15
m50-54,GARTH HANSON,70.0,2,16
m50-54,JAY MOXNESS,70.0,1,16
m50-54,KURT SCHMIDT,70.0,1,16
m50-54,STEPHEN MACDONALD,70.0,1,16
m50-54,STEVE MARTIN,70.0,1,16
m50-54,DARRELL GREENE,65.0,1,17
m50-54,JOSHUA CAUZ,65.0,1,17
m50-54,LAURENS VAN DER MARK,65.0,3,17
m50-54,MATHIEU HERCYK,65.0,1,17
m50-54,SCOTT FARMER,65.0,1,17
m50-54,TREVOR SHEPHERD,65.0,1,17
m50-54,ADAM ROSSBOROUGH,60.0,1,18
m50-54,ERIC VANDERHORDEN,60.0,1,18
m50-54,LUIS VARELA,60.0,1,18
m50-54,LUKE FELHABER,60.0,1,18
m50-54,RAFAEL MINASSIAN,60.0,2,18
m50-54,JAMES JANTZI,55.0,1,19
m50-54,JAMES SPELAY,55.0,1,19
m50-54,JASON WAKELY,55.0,1,19
m50-54,JAY BURDON,55.0,2,19
m50-54,MARIO FIORUCCI,55.0,1,19
m50-54,MICHAEL VAN DEN BOS,55.0,1,19
m50-54,STEVE SOPINKA,55.0,1,19
m50-54,WILL AMOS,55.0,1,19
m50-54,CHANDRA WIJAYA,50.0,1,20
m50-54,FERNANDO JURADO,50.0,1,20
m50-54,GERARD VAN HEUVEN,50.0,3,20
m50-54,GREGORY CARLI,50.0,3,20
m50-54,RUBEN FRAGOSO,50.0,1,20
m50-54,BONAR BULGER,0.0,1,21
m50-54,CHRIS DANNER,0.0,1,21
m50-54,CHUCK BALAZS,0.0,1,21
m50-54,DANIEL SAWYER,0.0,1,21
m50-54,DAVE CORMIER,0.0,1,21
m50-54,DAVID TINMOUTH,0.0,1,21
m50-54,DOUGLAS DIAS,0.0,1,21
m50-54,ERIC SQUAIR,0.0,1,21
m50-54,GORDON FARMER,0.0,1,21
m50-54,JAMIE FORDE,0.0,1,21
m50-54,JEFFERY WYLLIE,0.0,1,21
m50-54,JIM BOTTRELL,0.0,1,21
m50-54,JOE SALVAGIO,0.0,1,21
m50-54,JOHN VANDEMAELE,0.0,1,21
m50-54,JULIAN POWELL,0.0,1,21
m50-54,KEN ILIADIS,0.0,1,21
m50-54,KEVIN HEDGE,0.0,1,21
m50-54,KING NUNG CHANG,0.0,1,21
m50-54,M C,0.0,1,21
m50-54,MARK REBELLATO,0.0,1,21
m50-54,MARK TROTTER,0.0,1,21
m50-54,MARTIN JAIMES,0.0,1,21
m50-54,MATT COHEN,0.0,1,21
m50-54,MICHAEL GALITA,0.0,1,21
m50-54,MICHAEL HETHERINGTON,0.0,1,21
m50-54,MIKE BAVARO,0.0,1,21
m50-54,MIKE WALKER,0.0,1,21
m50-54,PATRICK MORIN,0.0,1,21
m50-54,PAUL STEEDMAN,0.0,1,21
m50-54,PETER ZOSIMADIS,0.0,1,21
m50-54,RICHARD WITT,0.0,1,21
m50-54,ROBERT AMADO,0.0,1,21
m50-54,SHANE PRICE,0.0,1,21
m50-54,SHAWN SHIPLEY,0.0,1,21
m50-54,STEFAN SIMONYI,0.0,1,21
m50-54,STEPHEN LASALLE,0.0,1,21
m50-54,SVEN GREVE,0.0,1,21
m50-54,TED SPENCER,0.0,1,21
m50-54,THOMAS MULLER,0.0,1,21
m50-54,TIM QUINLAN,0.0,1,21
m50-54,TIMOTHY HANLON,0.0,1,21
m50-54,TOM LEBLOND,0.0,1,21
m50-54,TREVOR ARNOLD,0.0,1,21
m50-54,TYLER WADDELL,0.0,1,21
m50-54,YASU FUJITA,0.0,1,21
m55-59,DEREK VAMMUS,290.0,3,1
m55-59,SCOTT ANDERSON,280.0,3,2
m55-59,OSCAR SANCHEZ,205.0,3,3
m55-59,IAN BASKERVILLE,200.0,2,4
m55-59,FRANCOIS COLLAT,195.0,3,5
m55-59,GREG PHILLIPS,190.0,2,6
m55-59,WESLEY FOLEY,180.0,3,7
m55-59,MICHAEL MAZZA,165.0,2,8
m55-59,DAVID RAMER,155.0,2,9
m55-59,NIR ORBACH,155.0,2,10
m55-59,PAUL VISSER,135.0,2,11
m55-59,THOMAS HAGERMAN,135.0,2,12
m55-59,EDWARD LANGILL,120.0,2,13
m55-59,JIM MCMAHON,100.0,1,14
m55-59,LACHLAN MACLEAN,100.0,1,14
m55-59,ANDREW FITZGERALD,90.0,1,15
m55-59,CARY LAVINE,90.0,1,15
m55-59,SANDY WILLIAMS,90.0,1,15
m55-59,BRAD FISHER,85.0,1,16
m55-59,FRANK KUZNIK,85.0,1,16
m55-59,RAPHAEL DELLI QUADRI,85.0,1,16
m55-59,ROB FAIRFIELD,85.0,1,16
m55-59,SCOTT BRANTON,85.0,1,16
m55-59,GREG FAICZAK,80.0,1,17
m55-59,JEREMY WARSON,80.0,1,17
m55-59,RAMI JACQUES MOURAD,80.0,1,17
m55-59,SCOTT MACLENNAN,80.0,1,17
m55-59,WAYNE ROBINSON,80.0,1,17
m55-59,ZOLTAN NEMCSEK,80.0,1,17
m55-59,FRANTZ FERRER,75.0,1,18
m55-59,JACOB MORGAN,75.0,1,18
m55-59,JAMIE ARTHUR,75.0,1,18
m55-59,JEFFREY ALLEN,75.0,1,18
m55-59,PAUL CADIEUX,75.0,2,18
m55-59,PAUL MASSON,75.0,1,18
m55-59,ALBERT WIMMERS,70.0,1,19
m55-59,DAN MCLENNAN,70.0,1,19
m55-59,JACK NINABER,70.0,1,19
m55-59,KEN FAICZAK,70.0,1,19
m55-59,STEPHEN MARSLAND,70.0,1,19
m55-59,TIM ANDREWS,70.0,1,19
m55-59,GREGORY DAY,65.0,1,20
m55-59,ROB BEECROFT,65.0,2,20
m55-59,SEAN HUYCKE,65.0,1,20
m55-59,BRIAN AZIZ,60.0,1,21
m55-59,DANIEL BARCLAY,60.0,1,21
m55-59,DAVID CRANMER,60.0,1,21
m55-59,PAUL LOBE,60.0,1,21
m55-59,STEVE GILL,60.0,2,21
m55-59,TOM KEYSERLINGK,60.0,1,21
m55-59,CHRIS BOSWELL,55.0,1,22
m55-59,DON SOUSA,55.0,1,22
m55-59,JOHN LYNCH,55.0,1,22
m55-59,MICHAEL STAHR,55.0,1,22
m55-59,NICK CHAN,55.0,2,22
m55-59,PETER MCKEOWN,55.0,1,22
m55-59,CHRIS POTJE,50.0,1,23
m55-59,PAUL GIDDENS,50.0,1,23
m55-59,ADRIAN SCHILLER,0.0,1,24
m55-59,AL POSTMA,0.0,1,24
m55-59,CLARKE FISHER,0.0,1,24
m55-59,DAVE HINTON,0.0,1,24
m55-59,DONOVAN O'HALLORAN,0.0,1,24
m55-59,GERHARD RITZEMA,0.0,1,24
m55-59,KEVIN HOERIG,0.0,1,24
m55-59,MICHAEL MCKIBBON,0.0,2,24
m55-59,PAUL THOMPSON,0.0,1,24
m55-59,PETE HENDRIKSEN,0.0,1,24
m55-59,RICHARD GUIMOND,0.0,1,24
m55-59,SCOTT MULLIGAN,0.0,1,24
m55-59,WARREN FICK,0.0,1,24
m60-64,PAUL WESTON,285.0,3,1
m60-64,MALCOLM WARNER,265.0,3,2
m60-64,KEVIN BRADY,235.0,3,3
m60-64,GEORGE BUSH,215.0,3,4
m60-64,ILIAS KONSTANTOPOULOS,200.0,2,5
m60-64,MICHAEL LYON,180.0,3,6
m60-64,ANDREW NEVILLS,175.0,2,7
m60-64,TODD LATHAM,170.0,2,8
m60-64,DOMENIC LONUZZO,145.0,2,9
m60-64,STEVE BATOR,115.0,2,10
m60-64,BRAD ARNDT,100.0,1,11
m60-64,JONATHAN BOOCOCK,100.0,1,11
m60-64,PETER PUTKA,100.0,1,11
m60-64,JAMES CLAYTON,90.0,1,12
m60-64,JOHN WILLETT,90.0,1,12
m60-64,NORM RIEKENBRAUCK,90.0,1,12
m60-64,ROBERT LANDRIAULT,90.0,1,12
m60-64,THOMAS HUNTER,90.0,1,12
m60-64,ALEXEI SKARINE,85.0,1,13
m60-64,DAVID BIALKOWSKI,85.0,1,13
m60-64,DAVID VISENTIN,85.0,1,13
m60-64,GAVIN VAMMUS,85.0,1,13
m60-64,JOHN LAUFER,85.0,1,13
m60-64,JOHN TREBYCH,80.0,3,14
m60-64,MARC DUPONT,80.0,1,14
m60-64,MIKE SNOW,80.0,1,14
m60-64,SCOTT LOCKHART,80.0,1,14
m60-64,DERRICK FLANNIGAN,75.0,1,15
m60-64,IAN PRESS,75.0,1,15
m60-64,JONATHAN PLANT,75.0,1,15
m60-64,STEVE MEHLTRETTER,75.0,1,15
m60-64,STEVEN GRAHAM,75.0,2,15
m60-64,WILLIAM BENNETT,75.0,1,15
m60-64,ANDREW HALL,70.0,1,16
m60-64,JAMES SWINNERTON,70.0,1,16
m60-64,CRAIG SMITH,65.0,2,17
m60-64,DAVID KLOPPENBURG,65.0,1,17
m60-64,DOV ZEVY,65.0,1,17
m60-64,JACQUES PILON,65.0,1,17
m60-64,TIMOTHY URECH,65.0,1,17
m60-64,ALDO MUNOZ,60.0,1,18
m60-64,ALEXEI MARTCHENKO,60.0,1,18
m60-64,BRAD WOLF,60.0,1,18
m60-64,DAVID REID,60.0,1,18
m60-64,PAUL GRENNELL,60.0,1,18
m60-64,GABRIEL BARRETO,55.0,2,19
m60-64,GUY BLONDIN,55.0,1,19
m60-64,JIM TWISS,55.0,1,19
m60-64,PAUL HARTE,55.0,1,19
m60-64,STEVEN BROOKS,55.0,1,19
m60-64,TIM SHWED,55.0,2,19
m60-64,BRIAN BOYD,50.0,1,20
m60-64,CHRIS KIPOUROS,50.0,1,20
m60-64,FRANKLIN LEWIS,50.0,1,20
m60-64,HENDRIK SCHUURMANS,50.0,1,20
m60-64,ANTHONY PLUT,0.0,1,21
m60-64,GERALD KLEIN,0.0,1,21
m60-64,GRAEME KERR,0.0,1,21
m60-64,JIM DONOGHUE,0.0,1,21
m60-64,LEROY AHYEE,0.0,1,21
m60-64,MARK BREADNER,0.0,1,21
m60-64,MIKE PEARSON,0.0,1,21
m60-64,PETER WONG,0.0,1,21
m60-64,RAMIRO MONTEMAYOR,0.0,1,21
m60-64,RICHARD GOUDIE,0.0,1,21
m60-64,ROB FENWICK,0.0,1,21
m60-64,ROBERT CATANI,0.0,1,21
m60-64,SEAN CAFFREY,0.0,1,21
m60-64,TIM DRAPER,0.0,1,21
m60-64,TODD KNOWLES,0.0,1,21
m60-64,WAYNE DOSWELL,0.0,1,21
m65-69,DAVID RUSAK,195.0,3,1
m65-69,PETER AMIRAULT,180.0,2,2
m65-69,JEFF ROBERTS,170.0,2,3
m65-69,STEPHEN SHAFFER,170.0,2,4
m65-69,MARK FAUST,170.0,2,5
m65-69,JAMIE COOTE,165.0,2,6
m65-69,JEFF MORRIS,165.0,2,6
m65-69,COLIN STEVENSON,160.0,2,7
m65-69,DAVID CLARRY,135.0,2,8
m65-69,PHILIP WOOD,130.0,2,9
m65-69,ERIC HARRISON,125.0,2,10
m65-69,CLIVE MORGAN,100.0,1,11
m65-69,DAVID UGLOW,100.0,1,11
m65-69,JIM WHITESTONE,100.0,1,11
m65-69,PAUL MONCZKA,100.0,1,11
m65-69,PETER BUEHLOW,100.0,1,11
m65-69,SCOTT NORTHMORE,100.0,1,11
m65-69,SCOTT SLAVEN,100.0,1,11
m65-69,ANDREW MCDONALD,90.0,1,12
m65-69,DANIEL GERARD,90.0,1,12
m65-69,DON MACINTOSH,90.0,1,12
m65-69,RON MAHLER,90.0,1,12
m65-69,STEVE WERNHAM,90.0,1,12
m65-69,CICERO FILHO,85.0,1,13
m65-69,ED MCCOLM,85.0,1,13
m65-69,WALTER YOUNG,85.0,1,13
m65-69,YOGI GOLLE,85.0,1,13
m65-69,JOHN O GAY,80.0,1,14
m65-69,MICHAEL LEESE,80.0,1,14
m65-69,NING ZHANG,80.0,1,14
m65-69,DAVID ROBINSON,75.0,1,15
m65-69,MATTHEW COHEN,75.0,1,15
m65-69,MICHAEL SHERMAN,75.0,1,15
m65-69,ROD MACPHERSON,75.0,1,15
m65-69,WILLIAM COOPER,75.0,1,15
m65-69,STEVE HALLIGAN,70.0,1,16
m65-69,MARC HAMEL,65.0,1,17
m65-69,TOM MCGILL,65.0,1,17
m65-69,ROBERT CAMERON,60.0,1,18
m65-69,ARMANDO MURGA,0.0,1,19
m65-69,JEFF CHOMYN,0.0,1,19
m65-69,JIM CORCORAN,0.0,1,19
m70-74,JULIAN KENNEY,255.0,3,1
m70-74,BOB PRICE,235.0,3,2
m70-74,JOHN GIFFEN,200.0,2,3
m70-74,DAVE MCINROY,190.0,3,4
m70-74,BRIAN FARNELL,100.0,1,5
m70-74,THOMAS HALL,100.0,1,5
m70-74,DAVID MARSH,90.0,1,6
m70-74,JAMIE COLLIVER,90.0,1,6
m70-74,RALPH FERGUSON,90.0,1,6
m70-74,CHRISTIAN PIERSANTI,85.0,1,7
m70-74,RAY HAYWOOD,85.0,1,7
m70-74,DIETER STALDER,80.0,1,8
m70-74,PETER VERBURG,80.0,1,8
m70-74,ROMAN KOMOROWSKY,80.0,1,8
m70-74,KEN ASHCROFT,75.0,1,9
m70-74,LYLE POLLOCK,75.0,1,9
m70-74,DONALD PLEWES,65.0,1,10
m70-74,PAUL RABINOVITCH,65.0,1,10
m70-74,BILL FALLIS,60.0,1,11
m70-79,JULIAN KENNEY,100.0,1,1
m70-79,RONALD J BOUCHER,100.0,1,1
m70-79,ROMAN KOMOROWSKY,90.0,1,2
m70-79,RICHARD NELSON,0.0,1,3
m75-79,DAVID MYERS,100.0,1,1
m75-79,DEAN ELLIOTT,100.0,1,1
m75-79,DOUG BETTS,100.0,1,1
m75-79,RONALD J BOUCHER,100.0,1,1
m75-79,BRIAN MORRIS,90.0,1,2
m80+,MORRY APPELLE,100.0,1,1
m80-84,GLEN NORCLIFFE,100.0,1,1
non binary,ALEX WALTON,100.0,1,1
non binary,JASON BURGERS,90.0,1,2
non binary,DARCY BANDEEN,85.0,1,3
non binary,BROOKE MCCALLUM,80.0,1,4
non binary,JACQUELINE AMANDA MILROY,0.0,1,5
